project,bug_id,tier,file,hint,mutation_type,reported_line,original_bug_line,result,response
Math,1,1,BigFraction.java,an arithmetic expression error,operator_swap,,305,none,max retries exceeded
Math,1,2,BigFraction.java,an arithmetic expression error,operator_swap,,305,none,max retries exceeded
Math,2,1,HypergeometricDistribution.java,an arithmetic expression error,operator_swap,,268,none,max retries exceeded
Math,2,2,HypergeometricDistribution.java,an arithmetic expression error,operator_swap,280,268,wrong,"LINE: 280  REASON: The variance formula uses `(N * N * (N - 1))` in the denominator when it should use `(N * N * (N - 1))` but the actual mathematical formula for hypergeometric variance requires `N²(N-1)` in denominator, and the numerator calculation `(n * m * (N - n) * (N - m))` is missing a division - it should be `(n * m * (N - n) * (N - m)) / (N² * (N - 1))` but the current code has the wrong operator precedence making it `(n * m * (N - n) * (N - m)) / (N * N * (N - 1))` which evaluates incorrectly due to missing parentheses around `N * N`.  Actually, re-examining: LINE 280 has `(N * N * (N - 1))` but should be `(N * N * (N - 1))` - the actual bug is that it's missing division by the population size again; it should be `(n * m *"
Math,3,1,MathArrays.java,a boundary or range handling error,off_by_one,1281,820,wrong,"LINE: 1281  REASON: The loop condition `while (k < hLen && j >= 0)` should be `while (k < hLen && j < xLen)` because `j` is decremented and represents an index into the `x` array, so it must stay within bounds `[0, xLen)` rather than just being non-negative."
Math,3,2,MathArrays.java,a boundary or range handling error,off_by_one,1066,820,wrong,"LINE: 1066  REASON: The loop condition should be `i <= lenMinusOne` instead of `i < lenMinusOne` to process all required elements when computing the linear combination, as the final element at index `lenMinusOne` is never processed in the accumulation."
Math,4,1,SubLine.java,a logic error,,125,113,wrong,LINE: 125  REASON: The logic incorrectly checks if `loc1 == Location.INSIDE` when it should check `loc1 != Location.OUTSIDE` to properly handle boundary cases when `includeEndPoints` is false.
Math,4,2,SubLine.java,a logic error,,119,113,wrong,"LINE: 119 REASON: The condition should check `(loc1 != Location.OUTSIDE) && (loc2 != Location.OUTSIDE)` for the case when `includeEndPoints` is false, but instead it checks `(loc1 == Location.INSIDE) && (loc2 == Location.INSIDE)`, which incorrectly excludes points on the boundaries even when they should be valid intersections.  Wait, let me reconsider. Looking at the logic more carefully:  When `includeEndPoints` is true: returns point if both locations are not OUTSIDE (correct - includes INSIDE and boundaries) When `includeEndPoints` is false: returns point if both locations are INSIDE (correct - excludes boundaries)  Actually, reviewing the condition again at line 119, the logic appears correct for excluding endpoints. Let me check line 117-118 more carefully.  The bug is actually on the condition that should be checking whether the point lies within both sub-lines' remaining regions. The logic error is that when `includeEndPoints` is false, it should still allow points that are INSIDE, but the current implementation at line 119"
Math,5,1,Complex.java,a boundary or range handling error,off_by_one,1,305,wrong,"LINE: 1140  REASON: The loop condition `for (int k = 0; k < n ; k++)` should be `k <= n` or the condition should be `k < n` with proper boundary handling, as the current code only generates n-1 roots instead of n roots when the loop should include all n roots from k=0 to k=n-1, but the issue is that the loop should iterate n times and currently may not handle the boundary correctly for the last root.  Actually, let me reconsider. Looking at line 1140 more carefully:  ```java for (int k = 0; k < n ; k++) { ```  This loop runs from k=0 to k=n-1, which is correct for n iterations. However, examining the loop logic and the problem statement about boundary/range handling, the issue is likely in how `innerPart` is being managed or the loop termination.   Upon closer inspection, the bug is at line 1140 where `k < n` should be `k <= n` or there's an off-by-one error in the iteration count.  LINE: 1"
Math,5,2,Complex.java,a boundary or range handling error,off_by_one,1071,305,wrong,"LINE: 1071  REASON: The loop condition uses `k < n` but should use `k <= n` to correctly compute all n-th roots; with the current condition, when `k` reaches `n-1`, the loop terminates before computing the final root at `k = n-1`.  Wait, let me reconsider. Actually, looking at the loop more carefully:  ```java for (int k = 0; k < n ; k++) { ```  This iterates k from 0 to n-1, which gives n iterations total - this is correct for computing n roots.  Let me re-examine the boundary issue. Looking at the `tan()` method around line 1020:  ```java if (imaginary > 20.0) {     return createComplex(0.0, 1.0); } if (imaginary < -20.0) {     return createComplex(0.0, -1.0); } ```  The issue is that these conditions should use `>=` and `<=` instead of `>` and `<` to properly handle the boundary case when imag"
Math,6,1,BaseOptimizer.java,a logic error,,49,51,correct,"LINE: 49  REASON: The iterations counter is initialized with `Integer.MAX_VALUE` as the maximal count instead of 0, which means iterations will never be properly limited and the max iterations exception will never be triggered."
Math,6,2,BaseOptimizer.java,a logic error,,195,51,wrong,"LINE: 195 REASON: The javadoc comment for the `MaxIterCallback` class incorrectly states ""Defines the action to perform when reaching the maximum number of evaluations"" when it should say ""iterations"" instead of ""evaluations""."
Math,7,1,AbstractIntegrator.java,an arithmetic expression error,operator_swap,403,363,wrong,"LINE: 403  REASON: The arithmetic expression `isLastStep = isLastStep || Precision.equals(currentT, tEnd, 1);` uses `1` as the scale/tolerance parameter, but it should use `1.0` or a more appropriate epsilon value; however, the actual bug is that this line should use subtraction or a relative tolerance check rather than direct equality comparison with a fixed scale of 1.  Actually, let me reconsider. Looking more carefully at the context:  LINE: 403  REASON: The expression `Precision.equals(currentT, tEnd, 1)` uses an absolute tolerance of `1` which is too large and incorrect for comparing floating-point time values; it should be a much smaller relative epsilon value or use the same threshold calculation as in the `sanityChecks` method."
Math,7,2,AbstractIntegrator.java,an arithmetic expression error,operator_swap,382,363,wrong,LINE: 382  REASON: The expression should use subtraction (`equations.getTime() - t`) instead of addition (`equations.getTime() + t`) to correctly calculate the threshold for integration span validation.
Math,8,1,DiscreteDistribution.java,a boundary or range handling error,off_by_one,157,181,wrong,"LINE: 157 REASON: The condition `if (randomValue < sum)` should be `if (randomValue <= sum)` to properly handle the boundary case when randomValue equals the cumulative sum, which can occur due to floating point precision issues and ensures all probability ranges are correctly covered."
Math,8,2,DiscreteDistribution.java,a boundary or range handling error,off_by_one,161,181,wrong,"LINE: 161  REASON: The boundary condition should be `randomValue <= sum` instead of `randomValue < sum` to ensure that the last probability value (when sum reaches 1.0) correctly maps to the last element, avoiding incorrect fallback to `singletons.get(singletons.size() - 1)` due to floating-point precision issues."
Math,9,1,Line.java,an arithmetic expression error,operator_swap,188,87,wrong,"LINE: 188  REASON: The arithmetic expression should use `n` (the norm) instead of dividing by `n`, as the offset calculation incorrectly divides by the norm when it should multiply or use the norm differently for the distance computation.  Actually, let me reconsider. Looking at line 188 more carefully:  LINE: 188  REASON: The division should be `/ n` but the bug is that it should be computed as the absolute value of the offset without dividing by `n` again since `normal.getNorm()` is already used in the denominator, making the distance calculation incorrect.  Let me look at this more carefully - the actual bug is:  LINE: 188  REASON: The offset calculation divides by `n` (the norm of the cross product), but the subsequent `FastMath.abs(offset)` on line 191 should not divide by `n` since `offset` should represent the perpendicular distance, which requires dividing by the norm of the normal vector - the current code correctly does this, so the bug must be in the formula itself; it should be `* n` instead of `/ n`.  After"
Math,9,2,Line.java,an arithmetic expression error,operator_swap,199,87,wrong,LINE: 199 REASON: The calculation should use `(b * cos - a) / n` instead of `(a - b * cos) / n` to correctly compute the closest point on the current line to another line.
Math,10,1,DSCompiler.java,a boundary or range handling error,off_by_one,1133,1418,wrong,"LINE: 1133  REASON: In the `divide` method, the `pow` function is called with `lhsOffset` instead of `rhsOffset` as the second parameter, causing it to compute the reciprocal of the wrong operand."
Math,10,2,DSCompiler.java,a boundary or range handling error,off_by_one,963,1418,wrong,"LINE: 963  REASON: In the `divide` method, the second argument to `pow` should be `rhsOffset` instead of `lhsOffset`, as it should compute the reciprocal of the right-hand side operand, not the left-hand side."
Math,11,1,MultivariateNormalDistribution.java,a boundary or range handling error,off_by_one,147,183,wrong,"LINE: 147  REASON: The loop iterates over `dim` rows but should iterate over `covMatEigenvalues.length` rows, or the eigenvalues array access should use the correct index since the iteration variable `row` may exceed the valid range of eigenvalues when scaling eigenvectors.  Actually, let me reconsider - looking more carefully at the code:  LINE: 147  REASON: The loop iterates from `row = 0` to `row < dim` but should iterate from `row = 0` to `row < covMatEigenvalues.length`, as `covMatEigenvalues[row]` could be out of bounds if the dimensions don't match, causing an ArrayIndexOutOfBoundsException on boundary cases.  Upon further analysis, the actual bug is:  LINE: 151  REASON: The variable `col` iterates from `0` to `dim` but should iterate from `0` to the number of columns in `tmpMatrix`, which could differ, or the boundary condition should be `col < dim` should be checked against the actual matrix dimensions.  Most likely:  LINE: 147"
Math,11,2,MultivariateNormalDistribution.java,a boundary or range handling error,off_by_one,175,183,wrong,"LINE: 175  REASON: The density calculation uses `-dim / 2` which performs integer division and loses the fractional part, when it should be `-dim / 2.0` to perform floating-point division."
Math,12,1,BitsStreamGenerator.java,an arithmetic expression error,operator_swap,88,18,wrong,"LINE: 88  REASON: The `nextDouble()` method should use bitwise OR with `low` cast to long (i.e., `high | ((long) low)`) instead of `high | low`, because `low` is an `int` and the bitwise OR operation will not properly combine the 26-bit values into a 52-bit double precision mantissa."
Math,12,2,BitsStreamGenerator.java,an arithmetic expression error,operator_swap,88,18,wrong,LINE: 88  REASON: The bit shift operation should use `>>>` (unsigned right shift) instead of `>>` (signed right shift) to correctly handle the low 26 bits when combining with the high bits.
Math,13,1,AbstractLeastSquaresOptimizer.java,a boundary or range handling error,off_by_one,220,561,wrong,"LINE: 220  REASON: The `getRMS()` method divides by `rows` instead of `(rows - cols)`, which should represent the degrees of freedom for the least squares problem."
Math,13,2,AbstractLeastSquaresOptimizer.java,a boundary or range handling error,off_by_one,419,561,wrong,"LINE: 419  REASON: The boundary check uses `<=` instead of `<`, causing the error to be thrown when the number of observations equals the number of parameters (rows == cols), when it should only throw when rows is strictly less than cols (no degrees of freedom)."
Math,14,1,AbstractLeastSquaresOptimizer.java,a boundary or range handling error,off_by_one,262,266,correct,"LINE: 262  REASON: The loop condition `i < dim` should be `i <= dim` or the loop should iterate over the correct range, but more specifically, when creating a new DiagonalMatrix, the entries are not being properly initialized from the original matrix before taking the square root.  Actually, let me reconsider. Looking more carefully:  LINE: 262  REASON: The DiagonalMatrix is created but never populated with the square roots from the original matrix - the loop attempts to set entries on an empty DiagonalMatrix, but the correct issue is that `new DiagonalMatrix(dim)` creates a zero matrix and the loop should read from `m.getEntry(i, i)` which it does, so the real bug is the loop bound should be `i < dim` which it is - the actual bug is that the loop iteration is correct but the condition `i < dim` should account for the matrix dimension properly in the context of how DiagonalMatrix is constructed.  Let me reconsider once more by checking the actual boundary condition:  LINE: 262  REASON: The loop condition uses `i < dim` but should use `i < m."
Math,14,2,AbstractLeastSquaresOptimizer.java,a boundary or range handling error,off_by_one,298,266,wrong,"LINE: 298  REASON: The loop should use `continue` instead of `break` to allow parsing of additional optimization data beyond the Weight parameter, as indicated by the comment on line 296."
Math,15,1,FastMath.java,a boundary or range handling error,off_by_one,1735,312,wrong,"LINE: 1735  REASON: The condition `if (scaledExponent > -53)` should be `if (scaledExponent > -52)` because the mantissa has 52 bits of precision (after adding the implicit leading 1 bit), so subnormal numbers can only be represented when the exponent is greater than -52, not -53."
Math,15,2,FastMath.java,a boundary or range handling error,off_by_one,,312,none,"I need to analyze this code for a boundary or range handling error related to Math bug ID 15.  Looking at the code, I need to find boundary/range issues. Let me examine the `scalb` methods and other range-sensitive operations.  In the `scalb(double d, int n)` method, I can see this section:  ```java if (n < 0) {     // we are really in the case n <= -1023     if (scaledExponent > 0) {         // both the input and the result are normal numbers, we only adjust the exponent         return Double.longBitsToDouble(sign | (((long) scaledExponent) << 52) | mantissa);     } else if (scaledExponent > -53) {         // the input is a normal number and the result is a subnormal number         // ... subnormal handling     } else {         // no need to compute the mantissa, the number scales down to 0         return (sign == 0L) ? 0.0 : -0.0;     } } ```"
Math,16,1,FastMath.java,a boundary or range handling error,off_by_one,2321,81,wrong,"LINE: 2321  REASON: The boundary check in the `scalb` method for double uses `(n > -1023) && (n < 1024)` which should be `(n > -1023) && (n < 1023)` because the maximum unbiased exponent for a normalized double is 1023, not 1024."
Math,16,2,FastMath.java,a boundary or range handling error,off_by_one,2044,81,wrong,"LINE: 2044  REASON: The condition `if (remA > 0)` should be `if (remA > 0.0)` or the loop boundary check is incorrect; the actual bug is that after the loop that should ensure `remA > 0`, the code can still return a negative or zero `remA` value when the input is very close to a multiple of π/2, causing the CodyWaite reduction to fail for boundary cases."
Math,17,1,Dfp.java,a boundary or range handling error,off_by_one,1090,1602,wrong,"LINE: 1090  REASON: The boundary check uses `mant.length-result.exp` as an array index, but should use `mant.length-1-result.exp` to avoid an off-by-one error when accessing the mantissa array during the truncation operation."
Math,17,2,Dfp.java,a boundary or range handling error,off_by_one,940,1602,wrong,"LINE: 940  REASON: The boundary check `if (q == mant.length*rsize+offset+1)` should be `if (q == mant.length*rsize+offset)` to prevent writing beyond the striped array bounds, as the condition allows one extra iteration that writes to an invalid index."
Math,18,1,CMAESOptimizer.java,a boundary or range handling error,off_by_one,1144,932,wrong,"LINE: 1144  REASON: The `diag()` method has an incorrect loop bound when extracting the diagonal from a square matrix - it uses `m.getColumnDimension()` instead of `m.getRowDimension()`, causing an array index out of bounds exception when the matrix is not square."
Math,18,2,CMAESOptimizer.java,a boundary or range handling error,off_by_one,,932,none,"Looking at the code, I need to identify the boundary or range handling error in this CMA-ES optimizer.  Let me examine the `diag` method and how it's used, particularly in relation to boundary conditions:  ```java private static RealMatrix diag(final RealMatrix m) {     if (m.getColumnDimension() == 1) {         double[][] d = new double[m.getRowDimension()][m.getRowDimension()];         for (int i = 0; i < m.getRowDimension(); i++) {             d[i][i] = m.getEntry(i, 0);         }         return new Array2DRowRealMatrix(d, false);     } else {         double[][] d = new double[m.getRowDimension()][1];         for (int i = 0; i < m.getColumnDimension(); i++) {             d[i][0] = m.getEntry(i, i);         }         return new Array2DRowRealMatrix(d, false);"
Math,19,1,CMAESOptimizer.java,a boundary or range handling error,off_by_one,1151,539,wrong,"LINE: 1151  REASON: The `sequence` method calculates the size using floating-point arithmetic `(end - start) / step + 1` which should use integer arithmetic to correctly compute the number of elements, and the result should be cast to int, but the current implementation can produce incorrect array sizes due to floating-point precision issues when `step` doesn't divide evenly into `end - start`."
Math,19,2,CMAESOptimizer.java,a boundary or range handling error,off_by_one,1013,539,wrong,"LINE: 1013  REASON: The `sequence` method calculates size as `(int) ((end - start) / step + 1)` which should use `Math.ceil()` or adjust the boundary condition to handle cases where the division doesn't result in an exact integer, potentially causing an off-by-one error when the range is not evenly divisible by the step size."
Math,20,1,CMAESOptimizer.java,a boundary or range handling error,off_by_one,760,921,wrong,"LINE: 760  REASON: The `sequence` method calculates the size using `(int) ((end - start) / step + 1)`, which can produce an array that is one element too large when the division doesn't result in a whole number, causing an out-of-bounds access or incorrect sequence generation due to improper boundary handling."
Math,20,2,CMAESOptimizer.java,a boundary or range handling error,off_by_one,611,921,wrong,"LINE: 611  REASON: The loop condition uses `i < checkFeasableCount+1` but should use `i <= checkFeasableCount` to properly allow `checkFeasableCount` regeneration attempts before accepting an infeasible point, as the boundary condition check `i >= checkFeasableCount` on line 616 indicates that when `i` reaches `checkFeasableCount`, no more regenerations should occur."
