project,bug_id,tier,reported_line,actual_line,classification,response
Lang,20,1,1343,3298,pattern_matched_clean,"LINE: 1343 REASON: The `replace` method treats a null `replacement` string as a no‑op (returns the original text), but according to the API it should treat a null replacement as an empty string and remove occurrences of `searchString`. This violates the documented contract."
Lang,20,2,2267,3298,wrong,"LINE: 2267 REASON: normalizeSpace uses `trim(str)`, which only removes control characters (≤ 32) and fails to strip other Unicode whitespace characters from the start and end, violating the XPath whitespace‑normalization definition."
Lang,30,1,907,1375,pattern_matched_clean,"LINE: 907   REASON: The loop‑termination check uses `if (timeToLive < 0)` which allows a recursive call with `timeToLive == 0` to proceed, leading to an unnecessary extra recursion and possible IllegalStateException for valid inputs; it should abort when `timeToLive <= 0`."
Lang,31,1,212,1445,pattern_matched_clean,"LINE: 212   REASON: The `equals(CharSequence, CharSequence)` method uses `cs1.equals(cs2)`, which only works when the two CharSequences are of the same concrete class (e.g., both `String`). It fails to correctly compare the contents of different CharSequence implementations (e.g., `StringBuilder` vs `String`), violating the contract that equality should be based on the character sequences, not object identity."
Mockito,9,1,39,7,pattern_matched_clean,"LINE: 39 REASON: Returning new GloballyConfiguredAnswer().answer(invocation) for abstract methods can trigger infinite recursion when the mock’s default answer is CallsRealMethods, causing a stack overflow."
Time,1,1,227,,pattern_matched_clean,"LINE: 227 REASON: The compareTo method always returns 0, causing all UnsupportedDurationField instances to be considered equal in ordering, which violates the Comparable contract and leads to incorrect behavior when sorting or using these objects in ordered collections."
Time,1,2,230,,wrong,"LINE: 230   REASON: `compareTo` always returns 0 for unsupported fields, so distinct `UnsupportedDurationField` instances compare as equal, violating the Comparable contract (inconsistent with `equals`)."
Cli,13,2,39,46,wrong,"LINE: 39 REASON: The Javadoc block that describes a method for retrieving argument values is present but no method signature follows it, so the interface is missing the intended method (e.g., `List getValues(Option option)`), making the definition incomplete."
Cli,5,1,62,35,pattern_matched_clean,"LINE: 62 REASON: The method dereferences `str` (calling `startsWith`) without first checking for null, which can cause a NullPointerException."
Cli,5,2,36,35,correct,"LINE: 36 REASON: The `stripLeadingHyphens` method only checks for ""--"" or a single ""-"", so it fails to remove more than two leading hyphens, contrary to its specification of removing all leading hyphens."
Lang,30,2,264,1375,wrong,"LINE: 264   REASON: The method `indexOf(String str, String searchStr, int startPos)` does not adjust a negative `startPos` to zero as stated in its Javadoc, causing incorrect behavior for negative start indices."
Lang,31,2,1659,1445,wrong,"LINE: 1659   REASON: The method `abbreviate(String str, int offset, int maxWidth)` fails to handle a negative `offset`; it only checks `if (offset > str.length())` but should also treat negative offsets as 0 (or otherwise handle them), causing incorrect abbreviation results for negative offsets."
Chart,11,1,110,275,pattern_matched_clean,"LINE: 110 REASON: The method always assigns and returns `null` for shapes that aren't Cloneable, ignoring the documented support for cloning Line2D, RectangularShape, Area and GeneralPath, so it never actually clones those shapes."
Mockito,19,1,35,12,pattern_matched_clean,"LINE: 35 REASON: The call to `new Reporter().cannotInjectDependency(field, matchingMock, e);` creates an exception but does not throw it, so injection failures are silently ignored instead of signaling an error."
Mockito,19,2,34,12,wrong,"LINE: 34 REASON: The caught RuntimeException is not re‑thrown; the call to `new Reporter().cannotInjectDependency(...)` should be preceded by `throw` to propagate the error, otherwise the injection failure is silently ignored."
Chart,11,2,275,275,correct,"LINE: 275 REASON: The second PathIterator is incorrectly created from `p1` instead of `p2`, so the method never actually compares the two different GeneralPath objects."
Mockito,9,2,36,7,wrong,"LINE: 36   REASON: The answer method unconditionally calls `invocation.callRealMethod()`, which fails for methods without a concrete implementation (e.g., abstract/interface methods) and can cause unexpected exceptions."
Cli,13,1,69,46,pattern_matched_clean,"LINE: 69 REASON: The setDefaultSwitch method incorrectly declares its defaultSwitch parameter as a Boolean wrapper instead of the intended primitive boolean, which can introduce null‑pointer problems and deviates from the correct API contract."
