project,bug_id,tier,expected,verdict,correct,response
PySnooper,3,2,BUG,BUG,True,"VERDICT: BUG REASON: In `get_write_function`, when `output` is a path/string, the `write` function references the undefined variable `output_path` instead of `output`, causing a `NameError` when writing."
PySnooper,3,5,BUG,BUG,True,"VERDICT: BUG REASON: When `target` is a file path or string, `write` references undefined `output_path` instead of `target`, causing a `NameError` when file output is used."
httpie,5,5,BUG,BUG,True,"VERDICT: BUG REASON: In `parse_items()`, a duplicate item creates a `ParseError` but does not `raise` it, so duplicates are silently overwritten instead of reported."
pandas,12,1,NO BUG,NO BUG,True,VERDICT: NO BUG REASON: The provided snippet contains only import statements with no executable logic that could introduce a bug.
pandas,9,4,BUG,BUG,True,VERDICT: BUG REASON: Line 986 uses `list(self.dtype.c
thefuck,10,3,BUG,BUG,True,"VERDICT: BUG REASON: `help_command = last_arg - ' --help'` attempts to subtract strings, causing a TypeError; it should use `+` to concatenate."
thefuck,3,4,BUG,BUG,True,"VERDICT: BUG REASON: At line 75, `binary in aliases or aliases[binary] != binary` raises a `KeyError` when `binary` is not in `aliases`, because the `or` evaluates the dict lookup after the membership check fails."
PySnooper,2,3,BUG,BUG,True,"VERDICT: BUG REASON: Line 27 attempts to subtract `code.co_cellvars` from `code.co_varnames` with `-`, but both are tuples, so this raises `TypeError` whenever `get_local_reprs` is invoked."
PySnooper,2,4,BUG,BUG,True,"VERDICT: BUG REASON: Line 24 attempts to subtract two tuples (`code.co_varnames - code.co_cellvars`), which raises a TypeError; it should likely use `+` or a set operation instead."
black,10,3,BUG,BUG,True,VERDICT: BUG REASON
pandas,12,2,BUG,NO BUG,False,"VERDICT: NO BUG REASON: The snippet contains only import statements and type annotations, with no logic or state changes that could introduce a bug."
pandas,12,5,BUG,NO BUG,False,"VERDICT: NO BUG REASON: The visible code contains only the module docstring and imports, so no functional bug is evident."
pandas,104,4,BUG,BUG,True,"VERDICT: BUG REASON: Line 723 uses `""nan"" - func` instead of `""nan"" + func`, so it will raise a TypeError when trying to retrieve the nan-aware function."
pandas,105,3,BUG,BUG,True,"VERDICT: BUG REASON: Line 694 uses `""<pre>"" - val + ""</pre>""` where `-` should be `+`, causing a TypeError when trying to subtract a string from a string."
pandas,105,4,BUG,BUG,True,"VERDICT: BUG REASON: Line 694 uses `-` instead of `+` to concatenate strings, causing a `TypeError` when the info-repr branch is taken."
pandas,107,3,BUG,BUG,True,"VERDICT: BUG REASON: Line 694 uses `-` to concatenate strings, which raises `TypeError`; it should be `+` or an f-string."
pandas,113,3,BUG,BUG,True,"VERDICT: BUG REASON: The `spmatrix` fixture attempts string subtraction with `request.param - ""_matrix""`, which is invalid and should use string concatenation (`+`) to access classes like `sparse.bsr_matrix`."
pandas,113,4,BUG,BUG,True,"VERDICT: BUG REASON: In the `spmatrix` fixture, `request.param - ""_matrix""` tries to subtract two strings, causing a `TypeError`; it should concatenate with `+` to produce names like `""bsr_matrix""`."
pandas,122,3,BUG,BUG,True,"VERDICT: BUG REASON: In `make_empty`, when `axes` is `None`, the code tries to subtract two lists (`[ensure_index([])] - [...]`), which is invalid Python and should use `+` to concatenate them."
pandas,122,4,BUG,BUG,True,"VERDICT: BUG REASON: In `make_empty`, line 149 uses list subtraction (`-`) instead of list concatenation (`+`) between two lists, which raises `TypeError` when `axes` is `None`."
pandas,124,5,BUG,BUG,True,"VERDICT: BUG REASON: The incomplete `from typing import` statement is a syntax error, so the module cannot be"
pandas,125,3,BUG,BUG,True,"VERDICT: BUG REASON: Line 1068 uses `list(self.dtype.categories) - list(new_categories)`, but Python lists do not support subtraction, so `add_categories` raises `TypeError` instead of appending the new categories."
pandas,125,4,BUG,BUG,True,"VERDICT: BUG REASON: Line 1068 uses list subtraction (`list(self.dtype.categories) - list(new_categories)`), which is invalid in Python and should be list concatenation with `+` to add the new categories."
pandas,126,3,BUG,BUG,True,"VERDICT: BUG REASON: Line 694 uses `""<pre>"" - val + ""</pre>""` instead of string concatenation with `+`, which raises `TypeError` when `_info_repr()` is true and `_repr_html_()` is called."
pandas,126,4,BUG,BUG,True,"VERDICT: BUG REASON: In `_repr_html_`, line 694 uses `""<pre>"" - val + ""</pre>""`, which attempts to subtract strings instead of concatenating them, causing a `TypeError` when the info repr is used."
pandas,128,3,BUG,BUG,True,"VERDICT: BUG REASON: `_combine_lines` uses `""["" - "","".join(lines) + ""]""` instead of string concatenation with `+`, causing a `TypeError` when processing line-delimited JSON."
pandas,128,4,BUG,BUG,True,"VERDICT: BUG REASON: `_combine_lines` uses `""["" - "","".join(lines) + ""]""`, which attempts string subtraction and raises `TypeError` instead of concatenating with `+`."
pandas,135,3,BUG,BUG,True,"VERDICT: BUG REASON: The while condition `j <= lenidx` should be `j < lenidx`, otherwise it accesses `values[j]` out of bounds once all values have been consumed, causing an IndexError."
pandas,137,3,BUG,BUG,True,VERDICT: BUG REASON: `add_categories` attempts `list
pandas,144,4,BUG,BUG,True,"VERDICT: BUG REASON: At line 353, `input_log + valid_log` tries to add two sets, which is invalid and raises `TypeError`; it should use `input_log - valid_log` to identify invalid log options."
pandas,148,4,BUG,BUG,True,"VERDICT: BUG REASON: At line 331, `e.args` is a tuple,"
pandas,149,3,BUG,NO BUG,False,VERDICT
pandas,152,4,BUG,BUG,True,"VERDICT: BUG REASON: When `to_append` is a list or tuple, `[self] - to_append` raises a `TypeError` because Python lists do not support subtraction, so the append operation fails instead of concatenating the Series objects."
pandas,153,1,NO BUG,NO BUG,True,"VERDICT: NO BUG REASON: The provided excerpt contains only module imports and no executable logic, so no bug can be identified."
pandas,154,2,BUG,BUG,True,"VERDICT: BUG REASON: The validation for `post_processing` mistakenly checks `callable(pre_processing)` instead of `callable(post_processing)`, causing valid calls with `post_processing` and no `pre_processing` to raise an error."
pandas,154,5,BUG,NO BUG,False,"VERDICT: NO BUG REASON: The provided snippet contains only module documentation and imports, with no executable logic that could cause incorrect behavior."
pandas,158,3,BUG,BUG,True,"VERDICT: BUG REASON: At line 2736, `to_concat = [self] - to_append` incorrectly uses list subtraction, which raises `TypeError`; it should be `[self] + list(to_append)`."
pandas,158,4,BUG,BUG,True,"VERDICT: BUG REASON: When `to_append` is a list or tuple, line 2736 attempts `[self] - to_append`, and Python does not support list subtraction, so it will raise `TypeError` instead of concatenating the Series objects."
pandas,159,1,NO BUG,NO BUG,True,"VERDICT: NO BUG REASON: The shown lines consist only of imports and docstring templates, with no executable logic that could contain a bug."
pandas,159,2,BUG,NO BUG,False,"VERDICT: NO BUG REASON: The shown excerpt contains only imports and docstring/template definitions, with no executable logic that could exhibit a bug."
pandas,159,3,BUG,BUG,True,"VERDICT: BUG REASON: Line 669 uses the subtraction operator (`-`) instead of string concatenation (`+`), so `""<pre>"" - val + ""</pre>""` raises a `TypeError`."
pandas,159,4,BUG,BUG,True,"VERDICT: BUG REASON: Line 668 uses `""-""` instead of `""+""` to concatenate strings, causing a TypeError when rendering the HTML info representation."
pandas,161,3,BUG,BUG,True,"VERDICT: BUG REASON: In `add_categories`, line 1067 uses `list - list`, which is invalid in Python and will raise `TypeError` instead of appending the new categories."
pandas,166,3,BUG,BUG,True,"VERDICT: BUG REASON: Line 668 uses subtraction (`-`) instead of string concatenation (`+`), so `_repr_html_()` will raise a TypeError when `_info_repr()` is true."
pandas,166,4,BUG,BUG,True,"VERDICT: BUG REASON: Line 668 uses `-` to concatenate strings in `return ""<pre>"" - val + ""</pre>""`, which raises `TypeError` instead of returning the HTML representation."
pandas,169,3,BUG,BUG,True,"VERDICT: BUG REASON: `_repr_html_` line 671 uses `""<pre>"" - val + ""</pre>""` instead of string concatenation with `+`, which will raise `TypeError` when `_info_repr()` is true."
pandas,169,4,BUG,BUG,True,"VERDICT: BUG REASON: Line 671 attempts to subtract the string `val` from `""<pre>""` instead of concatenating it with `+`, causing a TypeError when rendering the info view."
pandas,29,4,BUG,BUG,True,"VERDICT: BUG REASON: The `nbytes` property incorrectly subtracts `right.nbytes` from `left.nbytes` instead of adding them, underreporting the array's memory usage."
pandas,30,4,BUG,BUG,True,"VERDICT: BUG REASON: Line 719 uses `-` instead of `+` when constructing the combined JSON array string, causing a `TypeError` for line-delimited JSON input."
pandas,31,1,NO BUG,NO BUG,True,"VERDICT: NO BUG REASON: The shown lines contain only the module docstring, imports, and type/annotation definitions, with no executable logic that could introduce a bug."
pandas,31,2,BUG,NO BUG,False,"VERDICT: NO BUG REASON: The shown lines are only imports and docstrings, with no executable logic that could contain a bug."
pandas,31,3,BUG,BUG,True,"VERDICT: BUG REASON: Line 726 uses `""nan"" - func` instead of `""nan"" + func`, which will raise a `TypeError` when a string built-in function is passed to `apply` with extra arguments."
pandas,41,2,BUG,NO BUG,False,"VERDICT: NO BUG REASON: The shown lines are only import statements with no executable logic, so there is no bug."
pandas,56,5,BUG,NO BUG,False,"VERDICT: NO BUG REASON: The provided code only contains a module docstring and import statements, with no executable logic that could contain a bug."
pandas,58,3,BUG,BUG,True,"VERDICT: BUG REASON: Line 1030 tries to subtract one Python list from another (`list(self.dtype.categories) - list(new_categories)`), which raises `TypeError` instead of producing the new categories."
pandas,58,4,BUG,BUG,True,VERDICT: BUG RE
pandas,61,5,BUG,NO BUG,False,VERDICT: NO BUG REASON: The provided snippet is only a descriptive docstring with no executable code or logic to contain a bug.
pandas,63,4,BUG,BUG,True,"VERDICT: BUG REASON: Line 858 attempts to subtract a tuple from a tuple (`tuple([idx]) - indexer[info_axis + 1 :]`), which is invalid in Python and should instead use `+` to concatenate the indexer tuples."
pandas,64,3,BUG,BUG,True,"VERDICT: BUG REASON: In `color_to_excel`, the 4-digit hex color branch computes `val[1] * 2 - val[2] * 2 + val[3] * 2`, which subtracts strings and raises `TypeError`, instead of concatenating and expanding each hex digit by duplication."
pandas,64,4,BUG,BUG,True,"VERDICT: BUG REASON: Line 326 attempts string subtraction on duplicated hex shorthand characters, which raises a TypeError instead of converting `#abc` to `#AABBCC`."
pandas,67,2,BUG,NO BUG,False,"VERDICT: NO BUG REASON: The shown excerpt contains only imports and type declarations, so there is no executable logic in which a bug could occur."
pandas,68,4,BUG,BUG,True,"VERDICT: BUG REASON: The `nbytes` property subtracts `self.right.nbytes` from `self.left.nbytes` instead of adding them, so it reports an incorrect (often negative) memory size."
pandas,71,1,NO BUG,NO BUG,True,"VERDICT: NO BUG REASON: The provided excerpt contains only imports, a function signature, and a docstring, with no executable logic shown that could contain a bug."
pandas,76,3,BUG,BUG,True,"VERDICT: BUG REASON: In `_combine_lines`, line 725 uses `-` instead of `+` to concatenate the JSON bracket and joined lines, causing a `TypeError` when parsing newline-delimited JSON."
pandas,76,4,BUG,BUG,True,"VERDICT: BUG REASON: `_combine_lines` incorrectly uses `-` instead of `+` in `return ""["" - "","".join(lines) + ""]""`, causing a `TypeError` when parsing line-delimited JSON."
pandas,80,3,BUG,BUG,True,"VERDICT: BUG REASON: The `nbytes` property at line 173 subtracts `self._mask.nbytes` from `self._data.nbytes` instead of adding it, so it underreports the actual memory usage of the masked array."
pandas,9,3,BUG,BUG,True,"VERDICT: BUG REASON: In `add_categories`, line 986 does `list(self.dtype.categories) - list(new_categories)`, which raises a `TypeError` because Python lists do not support subtraction."
pandas,90,2,BUG,NO BUG,False,"VERDICT: NO BUG REASON: The provided lines only contain valid imports and no executable logic, so there is no bug in this excerpt."
thefuck,12,3,BUG,BUG,True,"VERDICT: BUG REASON: The code uses invalid list subtraction `[new_command] - command.script_parts[1:]`, which raises `TypeError` in Python and should instead concatenate with `+`."
thefuck,12,4,BUG,BUG,True,"VERDICT: BUG REASON: The code attempts list subtraction with `[new_command] - command.script_parts[1:]`, which raises a `TypeError` in Python instead of combining the new command with the original arguments."
thefuck,17,3,BUG,BUG,True,"VERDICT: BUG REASON: When `settings.alter_history` is true, `alias - ""...""` attempts to subtract strings, which is invalid in Python and should use `+` instead."
thefuck,22,3,BUG,BUG,True,"VERDICT: BUG REASON: In `_realise`, `[self._cached[0]] - sorted(...)` attempts to subtract lists, which is unsupported and raises `TypeError`."
thefuck,22,4,BUG,BUG,True,"VERDICT: BUG REASON: `_realise` attempts to subtract a list from a list with `[self._cached[0]] - sorted(...)`, which raises `TypeError`."
thefuck,26,3,BUG,BUG,True,"VERDICT: BUG REASON: In `get_new_command`, the expression `""vagrant up "" - machine` attempts to subtract strings, which raises a `TypeError`; it should use `+` to concatenate the machine name."
thefuck,26,4,BUG,BUG,True,"VERDICT: BUG REASON: The code attempts to subtract `machine` from a string with `""vagrant up "" - machine`, causing a TypeError instead of concatenating the machine name."
thefuck,27,4,BUG,BUG,True,"VERDICT: BUG REASON: The code uses `-` to concatenate strings in `get_new_command`, which raises a `TypeError` and should use `+` instead."
thefuck,28,3,BUG,BUG,True,"VERDICT: BUG REASON: In `_search`, when no pattern matches, `m` is `None` and the `or` expression still evaluates `m.group('file')`, causing an `AttributeError` instead of returning `None`."
black,18,1,NO BUG,NO BUG,True,"VERDICT: NO BUG REASON: The visible snippet contains only imports, type aliases, and constants, with no faulty logic in the provided lines."
black,22,5,BUG,BUG,True,"VERDICT: BUG REASON: The code ends with an incomplete `import` statement, causing a syntax error."
httpie,5,3,BUG,BUG,True,"VERDICT: BUG REASON: Line 39 uses `'\\\\' - sep`, which attempts to subtract a string from a string and raises `TypeError` when `KeyValueType` is instantiated."
pandas,104,3,BUG,BUG,True,"VERDICT: BUG REASON: In `apply`, line 723 uses `""nan"" - func` instead of `""nan"" + func`, so when `func` is a string it will raise a `TypeError` instead of accessing the appropriate nanops function."
pandas,107,4,BUG,BUG,True,"VERDICT: BUG REASON: In `_repr_html_`, line 694 uses `-` instead of `+`, so it attempts to subtract a string from `""<pre>""` and raises a `TypeError`."
pandas,107,5,BUG,NO BUG,False,"VERDICT: NO BUG REASON: The provided code is only a module docstring and import statements, with no executable logic in which a bug could be identified."
pandas,109,3,BUG,BUG,True,"VERDICT: BUG REASON: In `add_categories`, line 1020 attempts `list(self.dtype.categories) - list(new_categories)`, but Python lists do not support subtraction, so adding categories raises a `TypeError` instead of concatenating the lists."
pandas,137,4,BUG,BUG,True,"VERDICT: BUG REASON: In `add_categories`, line 1070 uses list subtraction (`list(self.dtype.categories) - list(new_categories)`), which raises a `TypeError` and would not add the new categories."
pandas,144,3,BUG,BUG,True,"VERDICT: BUG REASON: Line 353 tries to add two sets with `input_log + valid_log`, which raises `TypeError` because sets do not support `+`; it should instead pass a set difference or union, such as `input_log - valid_log`."
pandas,148,3,BUG,BUG,True,"VERDICT: BUG REASON: In the exception handler, `e.args = e.args - (""occurred at index %s"" % pprint_thing(k),)` tries to subtract a tuple from a tuple, which is invalid and would mask the original exception instead of appending the index context."
pandas,161,4,BUG,BUG,True,"VERDICT: BUG REASON: In `add_categories`, line 1067 uses `list(self.dtype.categories) - list(new_categories)`, but Python lists do not support subtraction, so this raises `TypeError` instead of adding the new categories."
pandas,19,3,BUG,BUG,True,"VERDICT: BUG REASON: Line 788 attempts `tup[:i] - (_NS,)`, but tuples do not support subtraction, so this branch raises `TypeError` instead of correctly building the revised key with `+`."
pandas,2,3,BUG,BUG,True,"VERDICT: BUG REASON: Line 788 uses `tup[:i] - (_NS,)`, but tuples do not support subtraction, so it should be `tup[:i] + (_NS,)` to concatenate and will raise `TypeError` when executed."
pandas,30,3,BUG,BUG,True,"VERDICT: BUG REASON: `_combine_lines` uses string subtraction (`""["" - "","".join(lines)`) instead of concatenation, which will raise a `TypeError` when reading line-delimited JSON."
pandas,50,4,BUG,BUG,True,"VERDICT: BUG REASON: In `add_categories`, `new_categories = list(self.dtype.categories) - list(new_categories)` attempts to subtract lists, raising `TypeError`, and should concatenate the lists with `+` to append the new categories."
pandas,70,4,BUG,BUG,True,"VERDICT: BUG REASON: In `apply`, the line `f = getattr(nanops, ""nan"" - func)` uses invalid string subtraction instead of `""nan"" + func`, causing a `TypeError` when a string function name is passed with args or kwargs."
pandas,79,2,BUG,NO BUG,False,"VERDICT: NO BUG REASON: The provided code is only imports and a class docstring with no executable logic, so there is no bug in this portion."
thefuck,2,4,BUG,BUG,True,"VERDICT: BUG REASON: At line 128, `bins - aliases` attempts to subtract two lists, which raises a TypeError; it should use set difference instead."
thefuck,23,3,BUG,BUG,True,"VERDICT: BUG REASON: The `memoize` condition is inverted—since `memoize.disabled` defaults to `False`, the wrapper skips executing and caching `fn`, then returns `memo[key]`, raising a `KeyError` on the first call."
thefuck,24,4,BUG,BUG,True,"VERDICT: BUG REASON: In `_realise`, the expression `self._cached[1:] - list(self._commands)` attempts to subtract lists, which is not supported in Python and will raise a `TypeError`."
thefuck,28,4,BUG,BUG,True,"VERDICT: BUG REASON: In `_search`, if `re.search` returns `None`, the expression `m or os.path.isfile(m.group('file'))` evaluates `m.group('file')` on `None`, causing an `AttributeError` instead of skipping to the next pattern."
ansible,10,3,BUG,BUG,True,"VERDICT: BUG REASON: In `PamdLine.validate()`, line 307 uses the subtraction operator (`""Rule is not valid "" - self.line`) instead of string concatenation (`+`), which raises a TypeError when an invalid line is validated."
ansible,10,4,BUG,BUG,True,"VERDICT: BUG REASON: In `PamdLine.validate` (line 307), the code uses `""Rule is not valid "" - self.line`, which performs string subtraction and raises a `TypeError` instead of concatenating with `+` as clearly intended."
ansible,11,3,BUG,BUG,True,"VERDICT: BUG REASON: Line 125 uses subtraction (`-`) instead of string concatenation (`+`) when building the regex, which will raise a TypeError at runtime."
ansible,12,5,BUG,BUG,True,"VERDICT: BUG REASON: It uses `term.split()[0]`, so environment variable names containing whitespace are truncated and an empty term raises `IndexError`, instead of simply calling `os.getenv(term, '')`."
ansible,13,3,BUG,BUG,True,"VERDICT: BUG REASON: The condition uses `or`, so any invocation with more than one argument enters the block and injects `role` even for explicit `role` or `collection` commands, and with a single argument it can raise `IndexError`; it should use `and`."
ansible,16,1,NO BUG,BUG,False,"VERDICT: BUG REASON: Line 227 checks `coreid not in sockets` instead of `coreid not in cores`, so core IDs may never be initialized in the `cores` dictionary correctly."
ansible,18,4,BUG,BUG,True,"VERDICT: BUG REASON: The `or` on line 46 should be `and`, since the current precedence makes the condition true whenever `len(args) > 1`, incorrectly injecting `role` even for `collection` commands and potentially causing an IndexError when too few args are provided."
ansible,3,3,BUG,BUG,True,"VERDICT: BUG REASON: Line 133 uses subtraction (`'parse_distribution_file_' - name`) instead of string concatenation, causing a TypeError instead of resolving the parser method."
ansible,3,4,BUG,BUG,True,"VERDICT: BUG REASON: Line 133 uses subtraction (`'parse_distribution_file_' - name`) instead of string concatenation (`+`), causing a `TypeError` when parsing distributions that need a dedicated parser."
ansible,8,3,BUG,BUG,True,"VERDICT: BUG REASON: Line 38 uses list subtraction (`-`), which is unsupported in Python and raises a TypeError; it should concatenate with `+` to preserve the remaining common arguments."
ansible,8,4,BUG,BUG,True,"VERDICT: BUG REASON: Line 37 uses list subtraction (`- _common_args[1:]`), which is unsupported in Python and raises a TypeError; it should concatenate the lists with `+`."
ansible,9,3,BUG,BUG,True,"VERDICT: BUG REASON: Line 457 uses list subtraction (`[SUBMAN_CMD, 'unsubscribe'] - items`), which raises a `TypeError` since Python lists don't support the `-` operator; it should concatenate with `+ items` to build the command arguments."
ansible,9,4,BUG,BUG,True,"VERDICT: BUG REASON: Line 457 uses list subtraction (`[SUBMAN_CMD, 'unsubscribe'] - items`), which raises a TypeError since Python lists do not support the `-` operator; it should be `+ items`."
cookiecutter,4,1,NO BUG,NO BUG,True,"VERDICT: NO BUG REASON: All exception classes are simple definitions that correctly inherit from the base `CookiecutterException` (which subclasses `Exception`), with no logic errors—only a harmless docstring typo (""contructed"")."
cookiecutter,4,2,BUG,NO BUG,False,"VERDICT: NO BUG REASON: The file only defines exception classes that all correctly subclass `CookiecutterException` (the ""contructed"" typo is a harmless docstring typo, not a functional defect)."
cookiecutter,4,3,BUG,NO BUG,False,"VERDICT: NO BUG REASON: This module only defines exception classes that correctly inherit from `CookiecutterException` (which subclasses `Exception`); the only imperfection is a docstring typo (""contructed""), which is not a functional bug."
cookiecutter,4,4,BUG,NO BUG,False,"VERDICT: NO BUG REASON: The file only defines exception classes that correctly subclass the common base `CookiecutterException`, with no syntactic or logical errors (the ""contructed"" typo in a docstring is not a functional bug)."
fastapi,1,4,BUG,BUG,True,"VERDICT: BUG REASON: Line 109 uses `-` to combine `openapi_prefix` and `openapi_url`, causing a `TypeError` since strings cannot be subtracted; it should use `+` instead."
fastapi,10,3,BUG,BUG,True,"VERDICT: BUG REASON: Line 221 uses `""Response_"" - self.unique_id` instead of `""Response_"" + self.unique_id`, which raises a `TypeError` (unsupported operand type for `str - str`) whenever a `response_model` is provided."
fastapi,10,4,BUG,BUG,True,"VERDICT: BUG REASON: Line 219 uses the subtraction operator (`""Response_"" - self.unique_id`) instead of string concatenation (`+`), which will raise a TypeError when `response_model` is set."
fastapi,11,3,BUG,BUG,True,"VERDICT: BUG REASON: Line 544 uses string subtraction (`""Body_"" - name`), which raises a TypeError and should use concatenation such as `""Body_"" + name`."
fastapi,11,4,BUG,BUG,True,"VERDICT: BUG REASON: Line 539 uses the subtraction operator on strings (`""Body_"" - name`), which raises a TypeError instead of concatenating the name."
fastapi,13,2,BUG,BUG,True,"VERDICT: BUG REASON: `responses` is reassigned inside the loop (`responses = {**responses, **route.responses}`), so responses from earlier routes accumulate and leak into every subsequently included route instead of being combined fresh per route."
fastapi,13,3,BUG,BUG,True,"VERDICT: BUG REASON: Line 130 uses the subtraction operator (`""Response_"" - self.name`) instead of string concatenation (`+`), which will raise a TypeError whenever a `response_model` is provided."
fastapi,13,4,BUG,BUG,True,"VERDICT: BUG REASON: Line 130 uses `-` instead of string concatenation/formatting for `response_name`, causing a TypeError whenever `response_model` is provided."
fastapi,15,3,BUG,BUG,True,"VERDICT: BUG  REASON: Line 123 uses `""Response_"" - self.name` (string subtraction) instead of `""Response_"" + self.name` for concatenation, which raises a `TypeError` at route setup whenever `response_model` is provided."
fastapi,15,4,BUG,BUG,True,"VERDICT: BUG REASON: Line 123 uses subtraction (`""Response_"" - self.name`) instead of string concatenation, causing a TypeError whenever a `response_model` is provided."
fastapi,2,4,BUG,BUG,True,"VERDICT: BUG REASON: The recursive calls for list and dict elements omit the `by_alias` argument, so nested `BaseModel` values are serialized with the default `by_alias=True` even when the caller passed `False`."
fastapi,8,3,BUG,BUG,True,"VERDICT: BUG REASON: Line 218 uses subtraction (`""Response_"" - self.unique_id`) instead of string concatenation, causing a TypeError when a response model is provided."
fastapi,8,4,BUG,BUG,True,"VERDICT: BUG REASON: Line 218 uses subtraction (`""Response_"" - self.unique_id`) instead of string concatenation, which will raise a TypeError when a response model is provided."
fastapi,9,3,BUG,BUG,True,"VERDICT: BUG REASON: Line 557 uses subtraction `""Body_"" - name` between strings, which raises a `TypeError` and should be string concatenation like `""Body_"" + name`."
fastapi,9,4,BUG,BUG,True,"VERDICT: BUG REASON: `model_name = ""Body_"" - name` uses subtraction instead of string concatenation (`""Body_"" + name`), which will raise a `TypeError` when creating the body model name."
httpie,2,4,BUG,BUG,True,"VERDICT: BUG REASON: The condition should use `and` instead of `or` (`if not args.session and not args.session_read_only:`), otherwise supplying either `--session` or `--session-read-only` alone bypasses session handling and sends a direct request."
keras,10,3,BUG,BUG,True,"VERDICT: BUG REASON: In `make_batches`, `num_batches = (size - batch_size - 1) // batch_size` undercounts batches (e.g., size=10, batch_size=3 gives 2 instead of 4), so it omits data batches."
keras,10,4,BUG,BUG,True,"VERDICT: BUG REASON: `make_batches` computes `num_batches` incorrectly with `(size - batch_size - 1) // batch_size`, yielding too few batches (e.g., zero batches when `size == batch_size`) instead of using `(size + batch_size - 1) // batch_size`."
keras,13,2,BUG,BUG,True,"VERDICT: BUG REASON: In the `elif val_gen` branch, validation with a `Sequence` incorrectly uses `iter_sequence_infinite(generator)`, causing it to iterate the training generator instead of the `validation_data` (`val_data`)."
keras,14,1,NO BUG,BUG,False,"VERDICT: BUG REASON: In `get()`, when `identifier` is a dict, it incorrectly builds `class_name` from `str(identifier)` with an empty config instead of passing the dict to `deserialize`, so dict-form metric configurations cannot be resolved."
keras,16,3,BUG,BUG,True,"VERDICT: BUG REASON: The condition should use `and` instead of `or`, since as written an empty `Sequential.layers` raises `IndexError` and a model whose first layer is not an `InputLayer` incorrectly drops that first layer."
keras,17,1,NO BUG,BUG,False,"VERDICT: BUG REASON: The `get` function mishandles dict identifiers by converting the entire dict to a string as `class_name` instead of passing the dict directly to `deserialize`, so dict-based metric configs cannot be resolved correctly."
keras,17,5,BUG,BUG,True,"VERDICT: BUG REASON: The dict branch in `get()` incorrectly sets `class_name` to `str(identifier)` instead of using the identifier dictionary’s `'class_name'` value, so dict-based metric deserialization will fail."
keras,18,3,BUG,BUG,True,"VERDICT: BUG REASON: Line 1077 uses list subtraction (`[y_permute_dim.pop(-2)] - y_permute_dim`), which raises a TypeError; it should concatenate with `+` to form the transpose permutation."
keras,18,4,BUG,BUG,True,"VERDICT: BUG REASON: Line 1077 uses unsupported list subtraction (`-`) instead of list concatenation (`+`), which will raise a `TypeError` when `dot` handles tensors with more than 2 dimensions."
keras,22,3,BUG,BUG,True,"VERDICT: BUG REASON: On line 39, `name = prefix - '_' + str(K.get_uid(prefix))` uses the subtraction operator on strings instead of concatenation (`+`), which raises a `TypeError` whenever `InputLayer` is constructed without an explicit `name`."
keras,22,4,BUG,BUG,True,"VERDICT: BUG REASON: Line 39 uses `prefix - '_'` instead of `prefix + '_'`, which raises a `TypeError` because strings cannot be subtracted."
keras,23,4,BUG,BUG,True,"VERDICT: BUG REASON: The `layers` property uses `or` instead of `and`, so an empty model raises `IndexError` when accessing `self._layers[0]`, and a model whose first layer is not an `InputLayer` incorrectly drops its first layer."
keras,24,4,BUG,BUG,True,"VERDICT: BUG REASON: The histogram loop uses `while i <= val_size`, causing an extra iteration with an empty batch when `i == val_size`; it should use `while i < val_size`."
keras,25,3,BUG,BUG,True,"VERDICT: BUG REASON: Line 218 uses tuple subtraction (`- (pred[i],)`) instead of tuple concatenation (`+ (pred[i],)`), which will raise a `TypeError` when decoding predictions."
keras,25,4,BUG,BUG,True,"VERDICT: BUG REASON: Line 216 uses `-` to combine `tuple(CLASS_INDEX[str(i)])` with `(pred[i],)` instead of `+`, causing a TypeError rather than constructing the expected `(class_name, class_description, score)` tuple."
keras,26,3,BUG,BUG,True,"VERDICT: BUG REASON: Line 1073 uses list subtraction (`-`) instead of concatenation (`+`) when constructing `y_permute_dim`, which will raise a `TypeError` for higher-dimensional dot products."
keras,26,4,BUG,BUG,True,"VERDICT: BUG REASON: Line 1073 uses list subtraction (`-`), which raises a TypeError, and should instead concatenate the popped dimension with `+`."
keras,28,3,BUG,BUG,True,"VERDICT: BUG REASON: Line 74 uses tuple subtraction `(num_samples, maxlen) - sample_shape`, which is invalid and should use concatenation `+ sample_shape` to include any sample dimensions."
keras,28,4,BUG,BUG,True,"VERDICT: BUG REASON: On line 74, subtracting `sample_shape` from the tuple `(num_samples, maxlen)` is invalid; it should concatenate with `+`, so `pad_sequences` raises a `TypeError` instead of creating the padded array."
keras,3,3,BUG,BUG,True,"VERDICT: BUG REASON: Line 219 uses the subtraction operator `[origin_layer] - layers` instead of list concatenation `[origin_layer] + layers`, which would raise a TypeError when cloning a Sequential model onto a Keras tensor originating from an `InputLayer`."
keras,3,4,BUG,BUG,True,"VERDICT: BUG REASON: On line 213, `[origin_layer] - layers` attempts to subtract a list from a list (a TypeError), when it should use `+` to prepend the `InputLayer` to the cloned layers, as done on line 223."
keras,31,3,BUG,BUG,True,"VERDICT: BUG REASON: Line 1068 uses list subtraction (`-`) instead of list concatenation (`+`), which raises a `TypeError` and breaks the multi-dimensional `dot` path."
keras,31,4,BUG,BUG,True,"VERDICT: BUG REASON: Line 1068 uses list subtraction (`-`) instead of list concatenation (`+`), which raises a TypeError and breaks the multi-dimensional dot transpose logic."
keras,33,4,BUG,BUG,True,"VERDICT: BUG REASON: The return expression uses `% (n - 1) - 1`, which can produce invalid indices like `-1` and `0`, whereas the reserved-0 hashing space requires `% (n -"
keras,36,3,BUG,BUG,True,"VERDICT: BUG REASON: The line `y_permute_dim = [y_permute_dim.pop(-2)] - y_permute_dim` uses invalid list subtraction instead of concatenation with `+`, which will raise a `TypeError`."
keras,43,3,BUG,BUG,True,"VERDICT: BUG REASON: When `num_classes` is not provided, it sets `num_classes = np.max(y) - 1` instead of `np.max(y) + 1`, causing too few columns and likely an index error for valid labels."
keras,43,4,BUG,BUG,True,"VERDICT: BUG REASON: When `num_classes` is omitted, it uses `np.max(y) - 1` instead of `np.max(y) + 1`, causing the output matrix to have too few classes and potentially fail when assigning the maximum label."
keras,44,3,BUG,BUG,True,"VERDICT: BUG REASON: `get_config` incorrectly uses `-` to combine config lists instead of `+`, which raises a `TypeError` and fails to serialize the `cells` config."
keras,44,4,BUG,BUG,True,"VERDICT: BUG REASON: Line 114 uses list subtraction (`-`) when combining config dictionaries, which raises a `TypeError` and should instead use `+` to merge them."
keras,45,1,NO BUG,BUG,False,"VERDICT: BUG REASON: In `_generate_recurrent_dropout_mask`, the dropout function uses `self.dropout` instead of `self.recurrent_dropout`, so the recurrent dropout rate is ignored."
keras,45,3,BUG,BUG,True,"VERDICT: BUG REASON: `get_config` uses unsupported list subtraction (`-`) instead of concatenation (`+`), which raises a `TypeError` when merging the base and cell configs."
keras,45,4,BUG,BUG,True,"VERDICT: BUG REASON: `get_config` uses list subtraction (`-`) to merge `base_config` and `config`, which raises a `TypeError` and should instead use `+` to include the cell configs."
keras,5,3,BUG,BUG,True,"VERDICT: BUG REASON: Line 189 uses the subtraction operator (`-`) on a string (`untar_fpath - '.tar.gz'`), which raises a `TypeError`; it should concatenate the archive suffix (`untar_fpath + '.tar.gz'`) to derive the archive path."
keras,5,4,BUG,BUG,True,"VERDICT: BUG REASON: Line 186 uses the `-` operator between a string and `'.tar.gz'` (`untar_fpath - '.tar.gz'`), which raises a `TypeError`; string concatenation (`+`) or slicing was intended."
keras,6,3,BUG,BUG,True,"VERDICT: BUG REASON: In `make_batches`, `num_batches = (size - batch_size - 1) // batch_size` computes far too few batches—even zero when `size == batch_size`—instead of the intended ceiling division `(size + batch_size - 1) // batch_size`."
keras,6,4,BUG,BUG,True,"VERDICT: BUG REASON: `make_batches` computes `num_batches` incorrectly: for `size=10, batch_size=3` it returns only"
keras,7,3,BUG,BUG,True,"VERDICT: BUG REASON: In `predict_proba`, binary probabilities are augmented with `1 + probs` instead of `1 - probs`, producing invalid class-0 probabilities greater than 1."
keras,7,4,BUG,BUG,True,"VERDICT: BUG REASON: In binary classification, line 261 should compute the class 0 probability as `1 - probs`, not `1 + probs`, which produces invalid probabilities greater than 1."
keras,8,3,BUG,BUG,True,"VERDICT: BUG REASON: The while loop condition at line 1053 uses `<=` instead of `<`, so after processing the last node it accesses `node_data_list[node_index]` with `node_index == len(node_data_list)`, causing an IndexError."
keras,8,4,BUG,BUG,True,"VERDICT: BUG REASON: Line 109 uses subtraction (`prefix - '_'`) instead of string concatenation (`prefix + '_'`), which raises a TypeError when a name is not provided."
keras,9,3,BUG,BUG,True,"VERDICT: BUG REASON: Line 48 uses string subtraction (`'\'' - v + '\''`) instead of concatenation, which raises a TypeError when a default argument is a string; it should use `'\'' + v + '\''`."
keras,9,4,BUG,BUG,True,"VERDICT: BUG REASON: Line 48 uses `-` instead of `+` when quoting string default values, causing a TypeError."
cookiecutter,4,5,BUG,NO BUG,False,"VERDICT: NO BUG REASON: This module defines a clean exception hierarchy where every Cookiecutter-specific exception correctly inherits from CookiecutterException, with no logic or syntax errors present."
fastapi,1,3,BUG,BUG,True,"VERDICT: BUG REASON: Line 109 uses string subtraction (`self.openapi_prefix - self.openapi_url`) instead of concatenation (`+`), which will raise a `TypeError` whenever an `openapi_url` is configured, rather than constructing the docs/redoc OpenAPI URL."
fastapi,16,3,BUG,BUG,True,"VERDICT: BUG REASON: The dict branch uses `if value is not None and include_none`, which incorrectly drops `None` values when `include_none=True` and drops all values when `include_none=False`; it should be `if value is not None or include_none`."
httpie,5,4,BUG,BUG,True,"VERDICT: BUG REASON: Line 43 performs invalid string subtraction (`'[^\\\\]' - sep`), causing a `TypeError`, and line 99 also fails to `raise` the duplicate-item `ParseError`."
keras,16,4,BUG,BUG,True,"VERDICT: BUG REASON: The condition uses `or` instead of `and`, causing an `IndexError` when `_layers` is empty and incorrectly slicing off the first layer whenever `_layers` is non-empty even if it is not an `InputLayer`."
keras,23,3,BUG,BUG,True,"VERDICT: BUG REASON: The condition uses `or` instead of `and`, causing an `IndexError` for an empty `_layers` list and incorrectly dropping the first layer whenever `_layers` is non-empty, even if that layer is not an `InputLayer`."
keras,30,3,BUG,BUG,True,VERDICT: BUG REASON: The loop condition `while epoch <= epochs` causes one extra training epoch; it should be `while epoch < epochs`.
keras,32,3,BUG,BUG,True,"VERDICT: BUG REASON: The loop condition `while i <= val_size` causes an extra iteration with `step = 0` when `val_size` is a multiple of `self.batch_size`, feeding an empty batch; it should be `while i < val_size`."
keras,33,3,BUG,BUG,True,"VERDICT: BUG REASON: The expression `hash_function(w) % (n - 1) - 1` produces values from -1 to n-3, so it can yield the reserved index 0 and even negative indices, whereas it should use `+ 1` to map into `[1, n-1]`."
keras,41,3,BUG,BUG,True,"VERDICT: BUG REASON: Line 185 uses the subtraction operator on a string (`untar_fpath - '.tar.gz'`), which raises a `TypeError`; it should strip the suffix using slicing or `replace`."
keras,41,4,BUG,BUG,True,"VERDICT: BUG REASON: Line 184 uses the subtraction operator on strings (`untar_fpath - '.tar.gz'`), which raises a TypeError; it should strip the suffix via slicing or `str.replace`, e.g. `fpath = untar_fpath[:-len('.tar.gz')]`."
keras,41,5,BUG,BUG,True,"VERDICT: BUG REASON: It compares strings using `is` instead of `==` (e.g., `archive_format is 'auto'` and `archive_type is 'tar'/'zip'`), which can fail because string identity is not guaranteed."
luigi,13,2,BUG,BUG,True,"VERDICT: BUG REASON: `LocalFileSystem.move` calls `self.fs.mkdir(d)`, but `LocalFileSystem` has no `fs` attribute; it should call `self.mkdir(d)`, otherwise moving to a path whose parent directory does not exist raises `AttributeError`."
luigi,13,3,BUG,BUG,True,"VERDICT: BUG REASON: In `generate_tmp_path`, line 42 uses `path - '-luigi-tmp-%09d'`, which attempts string subtraction instead of concatenating/formating the temporary path."
luigi,13,4,BUG,BUG,True,"VERDICT: BUG REASON: `generate_tmp_path` uses `-` instead of `+` to concatenate the temp-file suffix onto `path`, causing a `TypeError` when an atomic temporary path is generated."
luigi,13,5,BUG,BUG,True,"VERDICT: BUG REASON: In `LocalFileSystem.move`, `self.fs.mkdir(parent_dir)` references a nonexistent `fs` attribute, causing an `AttributeError` instead of creating the missing parent directory."
luigi,2,3,BUG,BUG,True,"VERDICT: BUG REASON: Line 479 uses `and` instead of `or`, so a target must be both `luigi.LocalTarget` and `gcs.GCSTarget` to be accepted, causing normal LocalTarget/GCSTarget outputs to raise `ValueError`."
luigi,20,3,BUG,BUG,True,"VERDICT: BUG REASON: `list_to_tuple` uses `and`, so it never converts lists or sets to tuples, breaking hashability; it should use `or`."
luigi,20,4,BUG,BUG,True,"VERDICT: BUG REASON: The `list_to_tuple` helper uses `and` instead of `or`, so its condition can never be true and lists or sets are not converted to hashable tuples as intended."
luigi,21,3,BUG,BUG,True,"VERDICT: BUG REASON: `_editdistance` uses `a[i] is b[j]` instead of `a[i] == b[j]`, so identity comparison of character strings can produce incorrect Levenshtein distances and misleading task suggestions."
luigi,24,3,BUG,BUG,True,"VERDICT: BUG REASON: `app_command` uses the unsupported `-` operator between two lists, causing a `TypeError`; it should concatenate them with `+`."
luigi,24,4,BUG,BUG,True,"VERDICT: BUG REASON: `app_command` uses `[self.app] - self.app_options()`, but list subtraction is unsupported in Python and should likely be concatenation with `+`."
luigi,26,3,BUG,BUG,True,"VERDICT: BUG REASON: Line 48 uses the subtraction operator `-` to join `x_path_no_slash` with the temp-suffix string, which raises a `TypeError` at runtime (it should be `+`), and additionally `random.randrange(0, 1e10)` passes a float rather than an int."
luigi,26,4,BUG,BUG,True,"VERDICT: BUG REASON: Line 48 uses subtraction (`-`) to concatenate the path and temporary suffix, which raises a `TypeError` instead of creating the intended temporary HDFS path."
luigi,27,3,BUG,BUG,True,"VERDICT: BUG REASON: In `parser_dest`, line 320 uses subtraction (`task_name - '_' + param_name`) on a string, which raises a TypeError; it should concatenate with `+`."
luigi,27,4,BUG,BUG,True,"VERDICT: BUG REASON: Line 320 uses `task_name - '_' + param_name`, which attempts string subtraction (a `TypeError`); it should concatenate with `+`, i.e. `task_name + '_' + param_name`."
luigi,28,3,BUG,BUG,True,"VERDICT: BUG REASON: In `run_hive`, line 64 uses list subtraction (`[load_hive_cmd()] - args`), which raises a `TypeError` since Python lists don't support `-`, instead of concatenating the command with the args using `+`."
luigi,28,4,BUG,BUG,True,"VERDICT: BUG REASON: Line 64 uses `[load_hive_cmd()] - args`, which attempts unsupported list subtraction instead of concatenating the Hive command with its arguments via `+`."
luigi,3,3,BUG,BUG,True,"VERDICT: BUG REASON: In `_parser_global_dest`, `task_name - '_' + param_name` uses subtraction instead of string concatenation (`task_name + '_' + param_name`), causing a TypeError when called."
luigi,3,4,BUG,BUG,True,"VERDICT: BUG REASON: `_parser_global_dest` uses the subtraction operator (`task_name - '_'`) to join strings instead of string concatenation (`task_name + '_'`), which raises a `TypeError: unsupported operand type(s) for -` when a task name is provided."
luigi,33,3,BUG,BUG,True,"VERDICT: BUG REASON: In `get_reg`, the condition uses `or` instead of `and`, causing it to skip all tasks when `include_config_without_section` is false and still skip `ConfigWithoutSection` tasks when it is true."
luigi,6,3,BUG,BUG,True,"VERDICT: BUG REASON: Line 298 uses subtraction (`task_name - '_' + param_name`) instead of string concatenation, which raises a TypeError for string arguments; it should be `task_name + '_' + param_name`."
luigi,6,4,BUG,BUG,True,"VERDICT: BUG REASON: `_parser_global_dest` uses subtraction (`task_name - '_' + param_name`) instead of string concatenation, so it will raise a `TypeError` when called."
matplotlib,20,3,BUG,BUG,True,"VERDICT: BUG REASON: The suptitle height is computed as `bbox.y1 + bbox.y0` instead of `bbox.y1 - bbox.y0`, so the reserved top-space height is incorrect and depends on the suptitle’s vertical position."
matplotlib,22,3,BUG,BUG,True,"VERDICT: BUG REASON: The fallback `histogram_bin_edges` returns `bins - 1` edges via `np.linspace`, but an integer `bins` should produce `bins + 1` bin edges, causing incorrect histogram binning on older NumPy versions."
matplotlib,23,4,BUG,BUG,True,"VERDICT: BUG REASON: The loop condition `while i <= len(fmt)` allows `i` to equal `len(fmt)`, so `c = fmt[i]` raises an `IndexError` for valid format strings such as `'--'` once the style is consumed."
matplotlib,25,3,BUG,BUG,True,"VERDICT: BUG REASON: `ymax` is computed as `ymin - ywidth` instead of `ymin + ywidth`, causing the bars to span in the wrong vertical direction."
matplotlib,25,4,BUG,BUG,True,"VERDICT: BUG REASON: `BrokenBarHCollection.__init__` computes `ymax = ymin - ywidth` instead of `ymax = ymin + ywidth`, causing the bars to extend in the wrong vertical direction."
matplotlib,28,3,BUG,BUG,True,"VERDICT: BUG REASON: The loop condition `i <= len(fmt)` allows `i` to reach `len(fmt)`, causing an `IndexError` on `fmt[i]` after a valid format string is fully parsed; it should be `i < len(fmt)`."
matplotlib,30,3,BUG,BUG,True,"VERDICT: BUG REASON: Line 247 uses `elem <= 0`, which incorrectly rejects valid RGBA components equal to 0 instead of allowing the inclusive 0–1 range."
pandas,100,3,BUG,BUG,True,"VERDICT: BUG REASON: `info_axis = len(axes) + 1` is out of bounds for `axes[info_axis]` and should be `len(axes) - 1`, causing `_setup_axes` to fail with an `IndexError`."
pandas,102,3,BUG,BUG,True,"VERDICT: BUG REASON: Line 136 uses `or` instead of `and`, so a non-empty Series with columns specified is incorrectly replaced by an empty `(0, 1)` object array, corrupting the constructor result."
pandas,109,4,BUG,BUG,True,"VERDICT: BUG REASON: `add_categories` uses `list(self.dtype.categories) - list(new_categories)`, but Python lists do not support subtraction, so it should use concatenation (`+`) to add the new categories."
pandas,113,2,BUG,NO BUG,False,"VERDICT: NO BUG REASON: Each fixture correctly parameterizes over its corresponding dtype constant (`COMPLEX_DTYPES`, `SIGNED_INT_DTYPES`, `UNSIGNED_INT_DTYPES`, `ALL_INT_DTYPES`, `ALL_REAL_DTYPES`, `ALL_NUMPY_DTYPES`) and returns `request.param`, consistent with its docstring."
pandas,118,3,BUG,BUG,True,"VERDICT: BUG REASON: Line 80 attempts list subtraction (`id_vars - value_vars`), which raises a TypeError and should instead combine them with `id_vars + value_vars`."
pandas,118,4,BUG,BUG,True,"VERDICT: BUG REASON: `frame.loc[:, id_vars - value_vars]` subtracts lists, which raises a TypeError, whereas it should select the union of `id_vars` and `value_vars` (e.g., `id_vars + value_vars`)."
pandas,132,3,BUG,BUG,True,"VERDICT: BUG REASON: In `_na_for_min_count`, `values.shape[:axis] - values.shape[axis + 1 :]` incorrectly subtracts shape tuples, which raises a `TypeError`; it should concatenate them with `+`."
pandas,132,4,BUG,BUG,True,"VERDICT: BUG REASON: In `_na_for_min_count`, `values.shape[:axis] - values.shape[axis + 1 :]` attempts tuple subtraction, causing a `TypeError` for multidimensional inputs; it should use `+` to concatenate the shape tuples."
pandas,135,4,BUG,BUG,True,"VERDICT: BUG REASON: The loop condition `j <= lenidx` allows `j` to reach `lenidx` (equal to `len(values)`), so `values[j]` inside the loop body raises an `IndexError` when all remaining values fall in the current bin; it should be `j < lenidx`."
pandas,141,3,BUG,BUG,True,"VERDICT: BUG REASON: Line 227's `_format_with_header` uses `header - list(...)`, which raises a TypeError since lists cannot be subtracted, whereas it should concatenate the header with the formatted range values using `+`."
pandas,143,3,BUG,BUG,True,"VERDICT: BUG REASON: Line 227 uses list subtraction (`header - list(map(pprint_thing, self._range))`) instead of list concatenation (`header + list(...)`), which would raise a `TypeError` whenever `_format_with_header` is called."
pandas,143,4,BUG,BUG,True,"VERDICT: BUG REASON: Line 227 uses `header - list(...)` instead of `header + list(...)`, which would raise a TypeError when formatting a RangeIndex with a header."
pandas,148,2,BUG,BUG,True,VERDICT: BUG REASON: `get_result` calls `self.apply_broadcast()` without the required `target` argument
pandas,149,4,BUG,BUG,True,"VERDICT: BUG REASON: The condition raises a `ValueError` whenever `partition_on` is in `kwargs` even when `partition_cols` is `None`, making the intended `elif` conversion of `partition_on` to `partition_cols` unreachable."
pandas,154,1,NO BUG,BUG,False,"VERDICT: BUG REASON: The `post_processing` validation mistakenly checks `callable(pre_processing)` instead of `callable(post_processing)`, so invalid `post_processing` values are not properly validated."
pandas,157,2,BUG,NO BUG,False,"VERDICT: NO BUG REASON: The visible excerpt contains only imports and the start of the `merge` function signature, all of which are syntactically and semantically valid with no discernible defect."
pandas,157,3,BUG,BUG,True,"VERDICT: BUG REASON: Line 123 uses `by - on`, but `by` and `on` are lists so subtraction raises a `TypeError`; it should likely be `by + on`."
pandas,19,4,BUG,BUG,True,"VERDICT: BUG REASON: Line 788 uses tuple subtraction `- (_NS,)` instead of concatenation `+ (_NS,)`, which raises a `TypeError` when slicing through a MultiIndex."
pandas,2,4,BUG,BUG,True,"VERDICT: BUG REASON: Line 788 subtracts `(_NS,)` from a tuple instead of concatenating it, which raises a `TypeError` when handling MultiIndex partial"
pandas,25,3,BUG,BUG,True,VERDICT: BUG REASON: `_
pandas,26,3,BUG,BUG,True,"VERDICT: BUG REASON: Line 1020 uses `list(...) - list(...)` instead of concatenating the old and new categories, which raises a TypeError and prevents `add_categories` from working."
pandas,26,4,BUG,BUG,True,"VERDICT: BUG REASON: In `add_categories`, line 1020 uses list subtraction (`-`) instead of concatenation (`+`), which raises a `TypeError` and fails to append the new categories."
pandas,29,3,BUG,BUG,True,"VERDICT: BUG REASON: Line 759 computes `nbytes` as `self.left.nbytes - self.right.nbytes`, but it should add the byte sizes of the left and right arrays."
pandas,31,4,BUG,BUG,True,"VERDICT: BUG REASON: In `apply`, the string lookup for nanops functions uses `""nan"" - func` instead of `""nan"" + func`, which raises a `TypeError` for string functions like `""sum""`."
pandas,32,3,BUG,BUG,True,"VERDICT: BUG REASON: `_split_line` uses `start - length` instead of `start + length`, causing fixed-width fields to be sliced incorrectly."
pandas,32,4,BUG,BUG,True,"VERDICT: BUG REASON: In `_split_line`, the slice `s[start : start - length]` should be `s[start : start + length]`, so it incorrectly extracts fields."
pandas,35,3,BUG,BUG,True,"VERDICT: BUG REASON: The error path uses `set(fields) + valid_field_set`, but sets do not support `+`, so passing an invalid field raises `TypeError: unsupported operand type(s) for +: 'set' and 'set'` instead of the intended unexpected-keyword error."
pandas,36,1,NO BUG,NO BUG,True,"VERDICT: NO BUG REASON: The visible excerpt consists only of standard imports and the beginning of the `isna` docstring, all of which match the actual pandas source and contain no incorrect logic or statements."
pandas,36,2,BUG,NO BUG,False,"VERDICT: NO BUG REASON: The shown lines consist only of module imports and the beginning of the `isna` docstring, with no executable logic or incorrect behavior visible in this fragment."
pandas,40,4,BUG,BUG,True,"VERDICT: BUG REASON: Line 133 uses list subtraction (`lcols - [...]`), which raises `TypeError` in Python; it should use `+` to add right-only columns (or a set difference) when constructing the merged columns."
pandas,41,1,NO BUG,NO BUG,True,"VERDICT: NO BUG REASON: The snippet only contains import statements and module-level setup, with no executable logic that could contain a behavioral bug."
pandas,43,3,BUG,BUG,True,"VERDICT: BUG REASON: The condition should be `if a_has and b_has:` rather than `if a_has or b_has:`, since the current logic accesses `.name` on both objects and can raise `AttributeError` when only one has a `name`, making the `elif` branches unreachable."
pandas,43,4,BUG,BUG,True,"VERDICT: BUG REASON: `_maybe_match_name` uses `if a_has or b_has:` and then accesses both `a.name` and `b.name`, so it raises `AttributeError` when only one object has a `name` instead of returning that name."
pandas,45,3,BUG,BUG,True,"VERDICT: BUG REASON: The guard should use `and` rather than `or`: with `dtype=None` and plain list-like data it incorrectly tries `data.dtype` (raising AttributeError, e.g. `pd.array([1.1, 2.2])`), and whenever data is a Series/Index/ExtensionArray it overwrites any explicitly passed dtype with `data.dtype`."
pandas,47,5,BUG,NO BUG,False,"VERDICT: NO BUG REASON: The provided excerpt contains only the module docstring and import statements, with no executable logic that exhibits a bug."
pandas,50,3,BUG,BUG,True,"VERDICT: BUG REASON: Line 1029 uses `list(self.dtype.categories) - list(new_categories)`, but lists don't support subtraction (raises TypeError) and the logic requires concatenation with `+` to append the new categories."
pandas,63,3,BUG,BUG,True,"VERDICT: BUG REASON: Line 858 uses tuple subtraction (`tuple([idx]) - indexer[...]`) instead of tuple concatenation, which raises a `TypeError` when setting a partial MultiIndex selection."
pandas,66,3,BUG,BUG,True,"VERDICT: BUG REASON: `info_axis = len(axes) + 1` is wrong (should be `len(axes) - 1`, i.e. the last axis like ""columns"" for DataFrame), since `cls._info_axis_name = axes[info_axis]` will raise an IndexError for every valid axes list."
pandas,66,4,BUG,BUG,True,"VERDICT: BUG REASON: `info_axis` is set to `len(axes) + 1`, so `axes[info_axis]` will raise an IndexError instead of selecting the last axis; it should be `len(axes) - 1`."
pandas,68,3,BUG,BUG,True,"VERDICT: BUG REASON: `nbytes` subtracts `self.right.nbytes` from `self.left.nbytes` instead of adding them, underreporting the array's memory usage."
pandas,79,1,NO BUG,NO BUG,True,"VERDICT: NO BUG REASON: The visible lines consist only of imports and the `Grouper` class docstring, none of which contain any erroneous logic or behavior."
pandas,80,4,BUG,BUG,True,"VERDICT: BUG REASON: `nbytes` subtracts the mask's byte size from the data's byte size instead of adding them, so it underreports memory usage and can even return a negative value."
pandas,84,3,BUG,BUG,True,"VERDICT: BUG REASON: Line 148 subtracts lists (`codes[:v] - codes[v + 1 :]`), which raises a TypeError; it should concatenate them with `+` to order codes correctly."
pandas,88,4,BUG,BUG,True,VERDICT: BUG REASON: `keys = index - columns` is invalid because `_convert_by` returns lists and the grouping keys should be formed with `index
pandas,89,3,BUG,BUG,True,VERDICT: BUG REASON: Line 148 uses invalid list subtraction
pandas,90,1,NO BUG,NO BUG,True,"VERDICT: NO BUG REASON: The shown lines are only module imports and standard setup, and there is no logical error or misuse that would constitute a bug."
pandas,97,3,BUG,NO BUG,False,"VERDICT: NO BUG REASON: The provided excerpt contains only imports, decorator registrations, and the class declaration/docstring, with no executable logic that could exhibit a bug."
sanic,1,3,BUG,BUG,True,"VERDICT: BUG REASON: Line 189 uses `uri = ""/"" - uri`, which attempts string subtraction and will raise a `TypeError`; it should be `uri = ""/"" + uri` to correctly prefix the URI with a slash."
sanic,1,4,BUG,BUG,True,"VERDICT: BUG REASON: Line 189 uses `uri = ""/"" - uri`, which attempts string subtraction and raises a `TypeError`; it should be `uri = ""/"" + uri` to correctly prefix the path with a slash."
sanic,3,3,BUG,BUG,True,"VERDICT: BUG REASON: Line 188 uses `""/"" - uri` (string subtraction, which raises `TypeError`) instead of `""/"" + uri` to prepend the missing leading slash."
sanic,3,4,BUG,BUG,True,"VERDICT: BUG REASON: Line 188 uses `""/"" - uri` instead of `""/"" + uri`, so adding a route without a leading slash raises a TypeError."
scrapy,1,4,BUG,BUG,True,"VERDICT: BUG REASON: The condition uses `and` instead of `or`, so requests to allowed domains are incorrectly filtered unless they also have `dont_filter=True`."
scrapy,12,3,BUG,BUG,True,"VERDICT: BUG REASON: The condition `if not(response is None and text is None)` raises an error whenever either `response` or `text` is provided, instead of only when both are provided, breaking valid selector construction."
scrapy,12,5,BUG,BUG,True,"VERDICT: BUG REASON: The code calls `warnings.warn` without importing the `warnings` module, so using the deprecated `_root` argument or property raises `NameError`."
scrapy,13,3,BUG,BUG,True,"VERDICT: BUG REASON: The condition `isinstance(settings, dict) and settings is None` can never be true, so dict or None settings are not converted to `Settings`, causing `AttributeError` when calling `settings.getint`/`settings.get`."
scrapy,13,4,BUG,BUG,True,"VERDICT: BUG REASON: Line 54's condition `isinstance(settings, dict) and settings is None` is impossible, so `settings` is never converted to a `Settings` instance when it is `None` or a dict, causing later `settings.getint(...)` calls to fail."
scrapy,15,3,BUG,BUG,True,"VERDICT: BUG REASON: On line 143, `'%' - reserved` performs subtraction between two strings, which raises a TypeError, when it should use concatenation (`'%' + reserved`) to form the percent-escaped sequence being protected."
scrapy,15,4,BUG,BUG,True,"VERDICT: BUG REASON: On line 136, `'%' - reserved` uses string subtraction, which raises a `TypeError` at runtime (it should be `'%' + reserved`, as in upstream Scrapy, to escape percent-encoded `/` and `?` before unquoting)."
scrapy,16,4,BUG,BUG,True,"VERDICT: BUG REASON: Line 74 uses `'%' - reserved` instead of `'%' + reserved`, which raises a TypeError because subtraction is not supported for strings."
scrapy,17,3,BUG,BUG,True,"VERDICT: BUG REASON: In `response_httprepr`, `b""HTTP/1.1 "" - to_bytes(str(response.status))` uses subtraction between bytes instead of concatenation, causing a `TypeError`."
scrapy,17,4,BUG,BUG,True,"VERDICT: BUG REASON: In `response_httprepr`, `b""HTTP/1.1 "" - to_bytes(str(response.status))` incorrectly subtracts bytes objects, which raises a `TypeError` instead of concatenating with `+`."
scrapy,21,3,BUG,BUG,True,"VERDICT: BUG REASON: The condition in `process_request_2` uses `or` instead of `and`, so when `rp` is `None` it attempts `rp.can_fetch(...)` and raises an `AttributeError`, and it may also incorrectly ignore requests even when robots.txt parsing failed."
scrapy,21,4,BUG,BUG,True,"VERDICT: BUG REASON: The condition uses `or` instead of `and`, so whenever `rp` is not `None` all requests are incorrectly forbidden, and when `rp` is `None` it calls `can_fetch` on `None`, raising an `AttributeError`."
scrapy,23,3,BUG,BUG,True,"VERDICT: BUG REASON: The last line uses the subtraction operator (`-`) instead of concatenation (`+`) when setting the Proxy-Authorization header, which will raise a TypeError and fail to add credentials."
scrapy,23,4,BUG,BUG,True,"VERDICT: BUG REASON: The `Proxy-Authorization` header uses subtraction (`'Basic ' - creds`) instead of concatenation, causing a `TypeError` when proxy credentials are present."
scrapy,24,3,BUG,BUG,True,"VERDICT: BUG REASON: `_cb_latency` computes `time() + start_time` instead of `time() - start_time`, so `download_latency` is incorrect."
scrapy,24,4,BUG,BUG,True,"VERDICT: BUG REASON: `_cb_latency` computes download latency as `time() + start_time` instead of `time() - start_time`, yielding an incorrect, much too large latency value."
scrapy,25,3,BUG,BUG,True,"VERDICT: BUG REASON: Line 179 uses the `-` (subtraction) operator to join two strings when building the XPath, which raises a `TypeError` (string concatenation with `+` was intended) whenever `clickdata` is supplied without `nr`."
scrapy,25,4,BUG,BUG,True,"VERDICT: BUG REASON: Line 178 uses the `-` operator to combine two strings, which raises a `TypeError` (strings cannot be subtracted); it should be `+` to concatenate the XPath prefix with the attribute predicates."
luigi,14,1,NO BUG,BUG,False,"VERDICT: BUG REASON: `Failures.__init__` uses `collections.deque()` without importing `collections`, causing a `NameError`."
luigi,14,2,BUG,BUG,True,"VERDICT: BUG REASON: `Failures.__init__` uses `collections.deque()`, but `collections` is not imported, causing a `NameError` when a `Failures` instance is created."
matplotlib,15,2,BUG,BUG,True,"VERDICT: BUG REASON: In the SymLogNorm section (lines 63-77), the code computes `Z = (Z1 - Z2) * 2`—the two-humped, positive/negative data the comment describes and that SymLogNorm is designed to show—but then plots `Z1` (purely positive, single hump) in both `pcolormesh` calls instead of `Z`, so the negative hump is never displayed and the example fails to demonstrate its stated point."
pandas,15,1,NO BUG,NO BUG,True,"VERDICT: NO BUG REASON: The excerpt contains only import statements and the beginning of a function definition, with no executable logic that could contain a bug."
pandas,65,2,BUG,NO BUG,False,"VERDICT: NO BUG REASON: The visible code (imports, `_VALID_URLS` construction, `is_url`, and the truncated `_expand_user` signature/docstring) is correct as written; no logic error is present in these lines."
pandas,81,2,BUG,NO BUG,False,"VERDICT: NO BUG REASON: The shown imports and `_IntegerDtype` attributes/properties (signedness checks, numpy dtype, kind, itemsize, and repr) are internally consistent and correct for pandas' integer extension dtype, with no logical error in the visible code."
spacy,2,1,NO BUG,BUG,False,"VERDICT: BUG REASON: `load_model_from_init_py` checks `model_path.exists()` instead of `data_path.exists()`, so a missing model data directory will not raise the intended `IOError`."
spacy,3,1,NO BUG,BUG,False,"VERDICT: BUG REASON: `id_regex.search(clean_line)` returns a `re.Match` object, so `ids[0]` raises a `TypeError`; it should use `ids.group(0)` instead."
spacy,3,2,BUG,BUG,True,"VERDICT: BUG REASON: `id_regex.search(clean_line)` returns a `re.Match` object, so `ids[0]` raises a `TypeError`; it should use `ids.group(0)` instead."
thefuck,27,2,BUG,BUG,True,"VERDICT: BUG REASON: get_new_command always strips exactly five characters and hardcodes ""open"", so for xdg-open, gnome-open, or kde-open it produces an invalid command instead of preserving the original opener."
thefuck,27,5,BUG,BUG,True,"VERDICT: BUG REASON: `get_new_command` hardcodes `open` and slices `cmd.script[5:]`, which corrupts commands matched for launchers like `xdg-open` or `gnome-open`."
tornado,14,2,BUG,BUG,True,"VERDICT: BUG REASON: In `initialize`, the `make_current=True` branch raises `RuntimeError` when no current `IOLoop` exists (`is None`) instead of when one already exists, so it incorrectly rejects valid explicit current setup and overwrites an existing current loop."
tornado,6,1,NO BUG,NO BUG,True,"VERDICT: NO BUG REASON: The excerpt contains only the license header, docstring, imports, and the beginning of the `IOLoop` class definition — none of which contain executable logic with a defect, and they match the upstream Tornado source."
tornado,6,3,BUG,BUG,True,"VERDICT: BUG REASON: The timeout is scheduled at `self.time() - timeout`, an absolute deadline in the past, so it fires immediately instead of after the requested duration; it should use `self.time() + timeout`."
tornado,7,2,BUG,NO BUG,False,"VERDICT: NO BUG REASON: The visible portion consists only of license text, a module docstring"
youtube-dl,12,2,BUG,BUG,True,"VERDICT: BUG REASON: The negated string filter is implemented as `lambda attr, value: not str_op`, which always returns False instead of negating the result of calling `str_op(attr, value)`."
youtube-dl,19,2,BUG,NO BUG,False,"VERDICT: NO BUG REASON: The shown lines consist solely of the shebang, encoding declaration, and import statements, which contain no executable logic that could be buggy."
youtube-dl,35,2,BUG,BUG,True,VERDICT: BUG REASON: The
youtube-dl,35,5,BUG,BUG,True,"VERDICT: BUG REASON: The format dictionary uses the misspelled key `forma_id` instead of `format_id`, so the format ID is not recognized/stored correctly."
black,1,1,NO BUG,BUG,False,"VERDICT: BUG REASON: `ctx.exit(0)` is inside the `verbose or not quiet` check, so when `--quiet` is used with no source paths it does not exit and execution continues with an empty source list."
fastapi,7,1,NO BUG,NO BUG,True,"VERDICT: NO BUG REASON: This matches FastAPI's standard implementation, correctly propagating the exception's detail, status code, and optional headers while safely serializing validation errors with `jsonable_encoder` (which handles non-JSON-serializable values like exception objects in `ctx`)."
fastapi,7,2,BUG,BUG,True,"VERDICT: BUG REASON: The validation handler passes `exc.errors()` directly to `JSONResponse`, which can fail to serialize non-JSON-serializable values in error contexts unless wrapped with `jsonable_encoder`."
fastapi,7,5,BUG,BUG,True,"VERDICT: BUG REASON: `request_validation_exception_handler` passes `exc.errors()` straight to `JSONResponse` without `jsonable_encoder`, so error payloads containing non-JSON-serializable values (e.g., Pydantic v2's `ctx.error` holding a `ValueError`) raise a `TypeError` and turn a validation 422 into a 500."
keras,14,2,BUG,BUG,True,"VERDICT: BUG REASON: In `get()`, the `dict` branch incorrectly sets `class_name` to `str(identifier)` instead of passing the serialized config directly to `deserialize`, so deserializing metric dictionaries will fail."
keras,15,1,NO BUG,BUG,False,"VERDICT: BUG REASON: The import `from collections import Iterable` is invalid on newer Python versions (3.10+), where ABCs like `Iterable` must be imported from `collections.abc`, causing an ImportError."
keras,17,2,BUG,BUG,True,"VERDICT: BUG REASON: The `get` function incorrectly converts a dict identifier into a string and drops its config, so deserialization of dict-form metrics fails instead of using the provided `class_name` and `config`."
luigi,24,2,BUG,BUG,True,"VERDICT: BUG REASON: Since `subprocess.Popen` is called with `universal_newlines=True`, `readlines()` already returns `str` objects, so calling `.decode('utf-8')` on them (lines 240 and 244) raises an `AttributeError`."
matplotlib,29,1,NO BUG,NO BUG,True,"VERDICT: NO BUG REASON: The code fragment consists of abstract methods, straightforward property getters/setters, and correctly implemented utility methods (e.g., `get_inverted` comparing interval bounds, `get_ticklabel_extents` handling empty tick label lists), with no detectable logic error."
pandas,138,2,BUG,NO BUG,False,"VERDICT: NO BUG REASON: The excerpt contains only imports and the opening docstring of `cut` with no executable logic, so there is nothing that can introduce a bug."
pandas,148,1,NO BUG,BUG,False,"VERDICT: BUG REASON: `get_result` calls `self.apply_broadcast()` without the required `target` argument, which will raise a `TypeError` when broadcasting is selected."
pandas,40,1,NO BUG,NO BUG,True,"VERDICT: NO BUG REASON: The snippet only contains standard module imports and the beginning of the `merge` function signature, all of which are valid and contain no erroneous logic to indicate a bug."
pandas,44,2,BUG,NO BUG,False,"VERDICT: NO BUG REASON: The code consists solely of import statements and a `TYPE_CHECKING` block, all of which are syntactically valid and semantically correct with no apparent defects."
pandas,68,2,BUG,NO BUG,False,"VERDICT: NO BUG REASON: The shown lines consist of well-formed imports, shared-doc scaffolding, and documentation that match pandas' expected definitions, with no incorrect logic or naming evident."
pandas,71,2,BUG,NO BUG,False,"VERDICT: NO BUG REASON: The excerpt contains only module imports and the docstring of `cut`, with no executable logic or algorithm that could contain a defect."
sanic,5,2,BUG,BUG,True,"VERDICT: BUG REASON: The config defines a logger named `""root""` instead of `""sanic.root""`, so the `sanic.root` logger created below is never configured and its INFO messages are dropped."
scrapy,39,2,BUG,BUG,True,"VERDICT: BUG REASON: Comparing the bound method `self.make_requests_from_url` with the unbound function `Spider.make_requests_from_url` using `is` is always true, so the default implementation incorrectly emits the deprecation warning even when the method has not been overridden."
scrapy,5,1,NO BUG,BUG,False,"VERDICT: BUG REASON: `__str__` formats `self.status` with `%d`, which raises a TypeError when `status` is None (the constructor's default), so `str()`/`repr()` of such a Response crashes instead of rendering."
tornado,15,2,BUG,NO BUG,False,"VERDICT: NO BUG REASON: The code correctly conditionally includes the C extension based on Python implementation and environment variables, provides a fallback pure-Python build on compilation failure, and properly handles setuptools availability and version-specific dependencies."
tornado,6,2,BUG,NO BUG,False,"VERDICT: NO BUG REASON: This excerpt contains only the license header, module docstring, imports, and a constant definition, so there is no executable logic that could contain a bug."
tornado,7,1,NO BUG,NO BUG,True,"VERDICT: NO BUG REASON: The shown lines consist only of the module docstring, imports, a constant, and the class docstring—no executable logic that could contain a bug is present in this excerpt."
tornado,7,3,BUG,BUG,True,"VERDICT: BUG REASON: The timeout deadline is computed as `self.time() - timeout` instead of `self.time() + timeout`, which schedules the timeout in the past so it fires immediately (and raises `TimeoutError` before the function can complete)."
youtube-dl,19,1,NO BUG,NO BUG,True,VERDICT: NO BUG REASON: Lines 1-80 consist solely of syntactically valid import statements and contain no executable logic where a bug could reside.
youtube-dl,35,1,NO BUG,BUG,False,"VERDICT: BUG REASON: The format dictionary uses the misspelled key `'forma_id'` instead of `'format_id'`, so the quality attribute is never exposed as a format ID."
