project,bug_id,tier,expected,verdict,correct,line_number,status
project,bug_id,tier,expected,verdict,correct,,NO_DATA_JSON
black,1,1,NO BUG,NO BUG,True,618,BLIND
black,1,2,BUG,NO BUG,False,618,BLIND
black,1,3,BUG,NO BUG,False,3632,BLIND
black,1,4,BUG,NO BUG,False,3624,BLIND
black,1,5,BUG,NO BUG,False,,UNKNOWN_LINE
black,10,1,NO BUG,NO BUG,True,131,BLIND
black,10,2,BUG,NO BUG,False,131,BLIND
black,10,3,BUG,NO BUG,False,75,BLIND
black,10,4,BUG,NO BUG,False,75,BLIND
black,10,5,BUG,NO BUG,False,,UNKNOWN_LINE
black,11,1,NO BUG,NO BUG,True,2112,BLIND
black,11,2,BUG,NO BUG,False,2112,BLIND
black,11,3,BUG,NO BUG,False,2653,BLIND
black,11,4,BUG,NO BUG,False,2632,BLIND
black,11,5,BUG,NO BUG,False,,UNKNOWN_LINE
black,12,1,NO BUG,NO BUG,True,877,BLIND
black,12,2,BUG,NO BUG,False,877,BLIND
black,12,3,BUG,NO BUG,False,2573,BLIND
black,12,4,BUG,NO BUG,False,2564,BLIND
black,12,5,BUG,NO BUG,False,,UNKNOWN_LINE
black,13,1,NO BUG,NO BUG,True,516,BLIND
black,13,2,BUG,NO BUG,False,516,BLIND
black,13,3,BUG,NO BUG,False,397,BLIND
black,13,4,BUG,NO BUG,False,397,BLIND
black,13,5,BUG,NO BUG,False,,UNKNOWN_LINE
black,14,1,NO BUG,NO BUG,True,20,VISIBLE
black,14,2,BUG,NO BUG,False,20,VISIBLE
black,14,3,BUG,NO BUG,False,662,BLIND
black,14,4,BUG,NO BUG,False,661,BLIND
black,14,5,BUG,NO BUG,False,,UNKNOWN_LINE
black,15,1,NO BUG,NO BUG,True,29,VISIBLE
black,15,2,BUG,NO BUG,False,29,VISIBLE
black,15,3,BUG,NO BUG,False,661,BLIND
black,15,4,BUG,NO BUG,False,690,BLIND
black,15,5,BUG,NO BUG,False,,UNKNOWN_LINE
black,2,1,NO BUG,NO BUG,True,3116,BLIND
black,2,2,BUG,NO BUG,False,3116,BLIND
black,2,3,BUG,NO BUG,False,3474,BLIND
black,2,4,BUG,NO BUG,False,3443,BLIND
black,2,5,BUG,NO BUG,False,,UNKNOWN_LINE
black,3,1,NO BUG,NO BUG,True,394,BLIND
black,3,2,BUG,NO BUG,False,394,BLIND
black,3,3,BUG,NO BUG,False,3436,BLIND
black,3,4,BUG,NO BUG,False,3436,BLIND
black,3,5,BUG,NO BUG,False,,UNKNOWN_LINE
black,4,1,NO BUG,NO BUG,True,1480,BLIND
black,4,2,BUG,NO BUG,False,1480,BLIND
black,4,3,BUG,NO BUG,False,3260,BLIND
black,4,4,BUG,NO BUG,False,3254,BLIND
black,4,5,BUG,NO BUG,False,,UNKNOWN_LINE
black,5,1,NO BUG,NO BUG,True,1352,BLIND
black,5,2,BUG,NO BUG,False,1352,BLIND
black,5,3,BUG,NO BUG,False,3197,BLIND
black,5,4,BUG,NO BUG,False,3190,BLIND
black,5,5,BUG,NO BUG,False,,UNKNOWN_LINE
black,6,1,NO BUG,NO BUG,True,48,VISIBLE
black,6,2,BUG,NO BUG,False,48,VISIBLE
black,6,3,BUG,NO BUG,False,3187,BLIND
black,6,4,BUG,NO BUG,False,3129,BLIND
black,6,5,BUG,NO BUG,False,,UNKNOWN_LINE
black,7,1,NO BUG,NO BUG,True,2726,BLIND
black,7,2,BUG,NO BUG,False,2726,BLIND
black,7,3,BUG,NO BUG,False,3099,BLIND
black,7,4,BUG,NO BUG,False,3087,BLIND
black,7,5,BUG,NO BUG,False,,UNKNOWN_LINE
black,8,1,NO BUG,NO BUG,True,2405,BLIND
black,8,2,BUG,NO BUG,False,2405,BLIND
black,8,3,BUG,NO BUG,False,3087,BLIND
black,8,4,BUG,NO BUG,False,3080,BLIND
black,8,5,BUG,NO BUG,False,,UNKNOWN_LINE
black,9,1,NO BUG,NO BUG,True,726,BLIND
black,9,2,BUG,NO BUG,False,726,BLIND
black,9,3,BUG,NO BUG,False,3082,BLIND
black,9,4,BUG,NO BUG,False,3082,BLIND
black,9,5,BUG,NO BUG,False,,UNKNOWN_LINE
pandas,1,1,NO BUG,NO BUG,True,599,BLIND
pandas,1,2,BUG,NO BUG,False,599,BLIND
pandas,1,3,BUG,NO BUG,False,164,BLIND
pandas,1,4,BUG,NO BUG,False,164,BLIND
pandas,1,5,BUG,NO BUG,False,,UNKNOWN_LINE
pandas,10,1,NO BUG,NO BUG,True,1599,BLIND
pandas,10,2,BUG,NO BUG,False,1599,BLIND
pandas,10,3,BUG,NO BUG,False,369,BLIND
pandas,10,4,BUG,NO BUG,False,369,BLIND
pandas,10,5,BUG,NO BUG,False,,UNKNOWN_LINE
pandas,11,1,NO BUG,NO BUG,True,619,BLIND
pandas,11,2,BUG,NO BUG,False,619,BLIND
pandas,11,3,BUG,NO BUG,False,441,BLIND
pandas,11,4,BUG,NO BUG,False,441,BLIND
pandas,11,5,BUG,NO BUG,False,,UNKNOWN_LINE
pandas,12,1,NO BUG,NO BUG,True,84,BLIND
pandas,12,2,BUG,NO BUG,False,84,BLIND
pandas,12,3,BUG,NO BUG,False,1022,BLIND
pandas,12,4,BUG,NO BUG,False,1023,BLIND
pandas,12,5,BUG,NO BUG,False,,UNKNOWN_LINE
pandas,13,1,NO BUG,NO BUG,True,134,BLIND
pandas,13,2,BUG,NO BUG,False,134,BLIND
pandas,13,3,BUG,NO BUG,False,375,BLIND
pandas,13,4,BUG,NO BUG,False,375,BLIND
pandas,13,5,BUG,NO BUG,False,,UNKNOWN_LINE
pandas,14,1,NO BUG,NO BUG,True,71,BLIND
pandas,14,2,BUG,NO BUG,False,71,BLIND
pandas,14,3,BUG,BUG,True,48,VISIBLE
pandas,14,4,BUG,BUG,True,48,VISIBLE
pandas,14,5,BUG,BUG,True,,UNKNOWN_LINE
pandas,15,1,NO BUG,NO BUG,True,1,VISIBLE
pandas,15,2,BUG,NO BUG,False,1,VISIBLE
pandas,15,3,BUG,NO BUG,False,298,BLIND
pandas,15,4,BUG,NO BUG,False,298,BLIND
pandas,15,5,BUG,NO BUG,False,,UNKNOWN_LINE
pandas,16,1,NO BUG,NO BUG,True,88,BLIND
pandas,16,2,BUG,NO BUG,False,88,BLIND
pandas,16,3,BUG,NO BUG,False,378,BLIND
pandas,16,4,BUG,NO BUG,False,378,BLIND
pandas,16,5,BUG,NO BUG,False,,UNKNOWN_LINE
pandas,17,1,NO BUG,NO BUG,True,1,VISIBLE
pandas,17,2,BUG,NO BUG,False,1,VISIBLE
pandas,17,3,BUG,NO BUG,False,298,BLIND
pandas,17,4,BUG,NO BUG,False,298,BLIND
pandas,17,5,BUG,NO BUG,False,,UNKNOWN_LINE
pandas,18,1,NO BUG,NO BUG,True,337,BLIND
pandas,18,2,BUG,NO BUG,False,337,BLIND
pandas,18,3,BUG,NO BUG,False,136,BLIND
pandas,18,4,BUG,NO BUG,False,136,BLIND
pandas,18,5,BUG,BUG,True,,UNKNOWN_LINE
pandas,19,1,NO BUG,NO BUG,True,1082,BLIND
pandas,19,2,BUG,NO BUG,False,1082,BLIND
pandas,19,3,BUG,NO BUG,False,788,BLIND
pandas,19,4,BUG,NO BUG,False,788,BLIND
pandas,19,5,BUG,NO BUG,False,,UNKNOWN_LINE
pandas,2,1,NO BUG,NO BUG,True,2016,BLIND
pandas,2,2,BUG,NO BUG,False,2016,BLIND
pandas,2,3,BUG,NO BUG,False,788,BLIND
pandas,2,4,BUG,NO BUG,False,788,BLIND
pandas,20,1,NO BUG,NO BUG,True,1147,BLIND
pandas,20,2,BUG,NO BUG,False,1147,BLIND
pandas,20,3,BUG,NO BUG,False,2747,BLIND
pandas,20,4,BUG,NO BUG,False,2757,BLIND
pandas,21,1,NO BUG,NO BUG,True,949,BLIND
pandas,21,2,BUG,NO BUG,False,949,BLIND
pandas,21,3,BUG,NO BUG,False,3253,BLIND
pandas,21,4,BUG,NO BUG,False,3256,BLIND
pandas,22,1,NO BUG,NO BUG,True,328,BLIND
pandas,22,2,BUG,NO BUG,False,328,BLIND
pandas,22,3,BUG,NO BUG,False,135,BLIND
pandas,22,4,BUG,BUG,True,135,BLIND
pandas,23,1,NO BUG,NO BUG,True,724,BLIND
pandas,23,2,BUG,NO BUG,False,724,BLIND
pandas,23,3,BUG,NO BUG,False,363,BLIND
pandas,23,4,BUG,NO BUG,False,363,BLIND
pandas,24,1,NO BUG,NO BUG,True,886,BLIND
pandas,24,2,BUG,NO BUG,False,886,BLIND
pandas,24,3,BUG,NO BUG,False,187,BLIND
pandas,24,4,BUG,NO BUG,False,187,BLIND
pandas,25,1,NO BUG,NO BUG,True,1277,BLIND
pandas,25,2,BUG,NO BUG,False,1277,BLIND
pandas,25,3,BUG,NO BUG,False,187,BLIND
pandas,25,4,BUG,NO BUG,False,187,BLIND
pandas,3,1,NO BUG,NO BUG,True,4684,BLIND
pandas,3,2,BUG,NO BUG,False,4684,BLIND
pandas,3,3,BUG,NO BUG,False,3372,BLIND
pandas,3,4,BUG,NO BUG,False,3372,BLIND
pandas,4,1,NO BUG,NO BUG,True,3528,BLIND
pandas,4,2,BUG,NO BUG,False,3528,BLIND
pandas,4,3,BUG,NO BUG,False,854,BLIND
pandas,4,4,BUG,NO BUG,False,854,BLIND
pandas,5,1,NO BUG,NO BUG,True,3528,BLIND
pandas,5,2,BUG,NO BUG,False,3528,BLIND
pandas,5,3,BUG,NO BUG,False,854,BLIND
pandas,5,4,BUG,NO BUG,False,854,BLIND
pandas,6,1,NO BUG,NO BUG,True,754,BLIND
pandas,6,2,BUG,NO BUG,False,754,BLIND
pandas,6,3,BUG,NO BUG,False,263,BLIND
pandas,6,4,BUG,NO BUG,False,263,BLIND
pandas,7,1,NO BUG,NO BUG,True,3073,BLIND
pandas,7,2,BUG,NO BUG,False,3073,BLIND
pandas,7,3,BUG,NO BUG,False,897,BLIND
pandas,7,4,BUG,NO BUG,False,897,BLIND
pandas,8,1,NO BUG,NO BUG,True,728,BLIND
pandas,8,2,BUG,NO BUG,False,728,BLIND
pandas,8,3,BUG,NO BUG,False,369,BLIND
pandas,8,4,BUG,NO BUG,False,369,BLIND
pandas,9,1,NO BUG,NO BUG,True,37,VISIBLE
pandas,9,2,BUG,NO BUG,False,37,VISIBLE
pandas,9,3,BUG,NO BUG,False,986,BLIND
pandas,9,4,BUG,NO BUG,False,986,BLIND
thefuck,1,1,NO BUG,BUG,False,12,VISIBLE
thefuck,1,2,BUG,BUG,True,12,VISIBLE
thefuck,10,1,NO BUG,BUG,False,12,VISIBLE
thefuck,10,2,BUG,BUG,True,12,VISIBLE
thefuck,10,3,BUG,BUG,True,16,VISIBLE
thefuck,2,1,NO BUG,BUG,False,118,BLIND
thefuck,2,2,BUG,BUG,True,118,BLIND
thefuck,2,3,BUG,BUG,True,128,BLIND
thefuck,2,4,BUG,BUG,True,128,BLIND
thefuck,3,1,NO BUG,BUG,False,105,BLIND
thefuck,3,2,BUG,BUG,True,105,BLIND
thefuck,3,3,BUG,BUG,True,75,BLIND
thefuck,3,4,BUG,BUG,True,75,BLIND
thefuck,4,1,NO BUG,BUG,False,20,VISIBLE
thefuck,4,2,BUG,BUG,True,20,VISIBLE
thefuck,4,3,BUG,BUG,True,75,BLIND
thefuck,4,4,BUG,BUG,True,67,BLIND
thefuck,5,1,NO BUG,BUG,False,6,VISIBLE
thefuck,5,2,BUG,BUG,True,6,VISIBLE
thefuck,5,3,BUG,BUG,True,38,VISIBLE
thefuck,5,4,BUG,BUG,True,38,VISIBLE
thefuck,6,1,NO BUG,BUG,False,7,VISIBLE
thefuck,6,2,BUG,BUG,True,7,VISIBLE
thefuck,7,1,NO BUG,NO BUG,True,3,VISIBLE
thefuck,7,2,BUG,NO BUG,False,3,VISIBLE
thefuck,8,1,NO BUG,BUG,False,15,VISIBLE
thefuck,8,2,BUG,BUG,True,15,VISIBLE
thefuck,9,1,NO BUG,BUG,False,24,VISIBLE
thefuck,9,2,BUG,BUG,True,24,VISIBLE
